temp,feelslike,dew,humidity,precip,precipprob,windgust,windspeed,winddir,sealevelpressure,cloudcover,visibility,solarradiation,solarenergy
-0.4,-0.4,-2.6,84.79,0.0,0,16.6,0.9,42,1014.6,2.9,15.9,0,0.0
0.0,0.0,-2.7,82.37,0.0,0,18.4,0.0,0,1014.3,3.2,11.3,0,0.0
1.0,-1.8,-0.8,88.0,0.0,0,22.3,8.9,88,1012.8,85.0,12.9,0,0.0
1.7,-1.6,-0.6,84.4,0.0,0,25.9,11.3,81,1011.3,46.0,11.1,0,0.0
2.2,-0.6,-0.7,81.24,0.0,0,29.5,9.8,35,1011.2,100.0,13.2,0,0.0
2.2,-1.9,-0.6,81.45,0.302,100,27.7,16.6,48,1011.5,100.0,6.7,0,0.0
1.7,-1.5,-0.6,84.56,0.044,100,31.3,11.1,70,1010.7,100.0,9.9,0,0.0
1.8,-1.6,-0.6,83.98,0.0,0,33.5,11.9,69,1010.0,100.0,8.0,0,0.0
2.3,-0.7,-0.6,81.03,0.0,0,29.5,10.5,89,1009.2,89.0,8.7,28,0.1
2.9,-1.0,-0.6,77.4,0.0,0,29.5,16.5,79,1009.6,99.6,13.4,73,0.3
3.4,-0.1,0.0,78.22,0.0,0,27.7,14.6,110,1009.0,100.0,13.4,192,0.7
5.7,3.9,1.2,72.81,0.0,0,24.1,8.1,150,1008.4,32.1,16.0,376,1.4
7.2,7.2,1.7,68.07,0.0,0,13.0,1.9,328,1008.4,63.2,16.0,595,2.1
8.3,6.7,2.7,68.11,0.0,0,13.0,9.3,121,1007.8,43.7,16.0,668,2.4
10.0,8.8,3.3,63.33,0.0,0,13.0,8.9,180,1007.8,24.5,16.0,606,2.2
10.6,10.6,3.4,60.89,0.0,0,13.0,5.2,105,1006.9,0.9,16.0,512,1.8
11.7,11.7,4.3,60.55,0.0,0,13.0,9.4,159,1006.1,0.9,16.0,373,1.3
11.7,11.7,4.9,62.8,0.0,0,11.2,9.3,173,1006.1,0.9,16.0,189,0.7
10.7,10.7,4.9,67.33,0.0,0,9.4,8.0,188,1006.6,1.6,16.0,51,0.2
8.0,8.0,4.2,77.13,0.0,0,7.6,0.8,25,1006.9,1.6,14.2,6,0.0
5.8,5.8,3.3,84.08,0.0,0,9.4,1.3,18,1006.8,44.4,11.6,0,0.0
6.6,4.0,2.7,76.36,0.0,0,9.4,12.9,30,1006.7,5.9,15.6,0,0.0
5.9,3.1,1.6,73.74,0.0,0,11.2,13.9,327,1007.7,26.5,13.9,0,0.0
4.3,4.3,0.7,77.05,0.0,0,11.2,0.0,0,1007.8,3.2,15.6,0,0.0
1.7,0.3,-0.1,87.63,0.0,0,11.2,5.2,248,1007.8,2.9,11.0,0,0.0
-0.8,-0.8,-2.0,91.73,0.0,0,11.2,0.7,330,1007.5,1.6,4.0,0,0.0
-1.3,-1.3,-2.8,89.71,0.0,0,11.2,0.0,0,1007.5,1.6,3.2,0,0.0
-1.4,-1.4,-3.1,88.59,0.0,0,13.0,1.3,338,1007.5,36.8,5.0,0,0.0
-1.8,-3.9,-3.0,91.34,0.0,0,13.0,5.8,219,1007.7,12.3,4.9,0,0.0
-2.3,-5.9,-3.4,92.03,0.0,0,13.0,9.5,236,1008.1,3.2,4.1,0,0.0
-0.8,-4.7,-2.5,88.2,0.0,0,14.8,11.8,266,1008.6,3.2,6.4,0,0.0
1.7,-2.7,-0.6,84.64,0.0,0,20.5,17.0,289,1009.2,3.2,9.8,2,0.0
2.2,-1.6,0.0,85.08,0.0,0,40.7,14.3,290,1009.9,100.0,8.1,15,0.1
2.9,-1.0,0.6,85.45,0.0,0,35.3,15.8,301,1010.3,100.0,6.2,47,0.2
3.4,-0.3,1.2,85.51,0.0,0,25.9,15.0,320,1010.8,100.0,6.0,73,0.3
3.4,-0.2,1.2,85.18,0.0,0,22.3,15.0,322,1012.0,100.0,5.9,83,0.3
3.9,0.0,0.6,79.11,0.0,0,20.5,18.1,328,1012.7,100.0,8.1,106,0.4
3.9,0.5,0.0,75.6,0.0,0,18.4,15.0,318,1013.1,100.0,10.4,157,0.6
4.4,1.1,-0.6,69.61,0.0,0,18.4,15.1,327,1013.6,100.0,14.1,165,0.6
5.6,2.5,-0.7,64.06,0.0,0,16.6,14.8,321,1013.9,100.0,15.9,222,0.8
5.6,2.6,-1.2,61.53,0.0,0,16.6,14.6,349,1013.7,100.0,15.9,143,0.5
4.4,1.6,-1.2,66.92,0.0,0,14.8,11.7,334,1014.0,100.0,14.2,92,0.3
3.8,0.1,-1.7,67.07,0.0,0,14.8,16.3,17,1014.4,100.0,14.2,31,0.1
3.3,3.3,-1.7,69.39,0.0,0,16.6,0.4,357,1015.5,100.0,15.9,2,0.0
2.9,-0.3,-2.7,66.5,0.0,0,16.6,12.5,27,1015.3,100.0,15.9,0,0.0
2.9,0.6,-2.8,66.4,0.0,0,16.6,8.2,45,1015.6,100.0,16.0,0,0.0
2.3,2.3,-3.7,64.62,0.0,0,18.4,0.0,0,1015.7,100.0,16.0,0,0.0
0.9,0.9,-3.1,74.54,0.0,0,18.4,0.4,6,1015.7,90.6,15.8,0,0.0
0.3,-3.0,-3.1,78.12,0.0,0,18.4,10.2,45,1015.1,14.4,15.5,0,0.0
0.7,-3.1,-2.2,80.67,0.0,0,20.5,13.0,99,1014.3,13.1,10.7,0,0.0
0.1,-2.8,-2.8,80.91,0.0,0,22.3,8.4,98,1014.4,6.8,14.2,0,0.0
-0.6,-3.9,-3.3,81.78,0.0,0,22.3,9.6,126,1015.1,3.2,11.7,0,0.0
-0.6,-4.5,-3.3,81.78,0.0,0,25.9,12.0,70,1014.0,8.8,13.4,0,0.0
-1.1,-5.1,-3.3,84.96,0.0,0,25.9,11.9,60,1012.9,36.8,13.4,0,0.0
-1.1,-5.5,-3.3,84.95,0.0,0,27.7,14.0,65,1011.7,71.0,13.4,0,0.0
-1.1,-5.4,-3.3,84.83,0.0,0,31.3,13.4,80,1012.9,89.4,13.1,0,0.0
-0.6,-5.0,-3.3,81.85,0.0,0,35.3,14.6,60,1012.6,53.1,10.3,16,0.1
0.1,-4.6,-2.8,80.97,0.0,0,37.1,17.0,63,1011.0,91.8,9.0,57,0.2
0.7,-3.2,-2.8,77.3,0.0,0,31.7,13.7,99,1010.7,26.9,14.1,84,0.3
1.7,-2.4,-2.7,72.72,0.0,0,35.3,15.7,81,1009.6,89.4,13.2,110,0.4
2.3,-1.7,-2.1,73.05,0.0,0,33.5,15.8,79,1007.3,90.6,10.1,140,0.5
2.2,-2.5,-1.6,75.79,0.0,0,38.5,20.6,72,1004.3,100.0,10.3,105,0.4
2.2,-2.3,-1.6,75.67,0.0,0,32.0,19.4,62,1001.7,100.0,8.4,80,0.3
0.7,-4.6,-1.2,86.97,0.531,100,39.6,22.4,60,998.6,100.0,1.1,60,0.2
0.6,-5.5,-1.2,87.48,0.957,100,48.2,28.7,41,997.7,100.0,1.0,25,0.1
0.1,-6.5,-1.1,91.44,2.135,100,45.9,31.3,49,995.4,100.0,0.0,13,0.0
0.6,-6.4,-1.1,88.26,2.749,100,66.1,37.9,41,989.7,100.0,0.0,7,0.0
0.6,-6.0,-1.1,87.74,2.654,100,52.9,33.6,40,989.8,100.0,1.1,9,0.0
0.7,-5.0,-0.7,90.67,4.621,100,54.7,25.1,4,990.9,100.0,1.1,0,0.0
0.7,-5.4,-0.9,89.4,1.769,100,47.9,28.3,2,991.0,100.0,0.2,0,0.0
0.7,-5.7,-1.1,88.01,6.317,100,49.0,31.4,352,992.1,100.0,1.0,0,0.0
0.6,-5.6,-1.5,85.26,0.394,100,49.2,30.0,342,993.3,100.0,4.7,0,0.0
0.1,-6.0,-1.6,88.25,0.089,100,46.1,27.2,340,994.8,100.0,8.2,0,0.0
0.6,-5.0,-1.6,84.68,0.034,100,45.7,24.4,321,997.1,100.0,5.5,0,0.0
0.7,-5.4,-1.1,87.39,0.056,100,47.7,29.3,310,999.7,100.0,13.0,0,0.0
0.7,-4.8,-1.6,84.24,0.089,100,40.5,23.8,312,1001.7,100.0,15.9,0,0.0
0.7,-4.4,-2.1,81.24,0.034,100,39.8,20.4,311,1004.0,37.0,16.0,0,0.0
0.1,-5.3,-2.7,81.42,0.0,0,46.0,21.3,292,1006.1,45.7,16.0,0,0.0
-0.5,-5.5,-3.7,79.07,0.0,0,42.5,17.3,301,1007.7,36.4,16.0,0,0.0
-1.1,-6.2,-4.3,78.95,0.0,0,35.3,17.1,293,1009.1,0.9,16.0,2,0.0
-1.5,-7.2,-4.3,81.37,0.0,0,31.3,20.3,291,1010.7,0.9,16.0,27,0.1
-0.5,-5.1,-4.3,75.92,0.0,0,29.5,15.2,290,1010.9,1.6,16.0,108,0.4
1.2,-3.0,-3.3,71.86,0.0,0,25.9,15.2,292,1012.6,1.6,16.0,227,0.8
2.2,-1.2,-2.2,72.35,0.0,0,24.1,12.8,280,1013.4,1.6,16.0,423,1.5
2.8,-0.5,-2.1,70.15,0.0,0,22.3,12.6,250,1014.1,0.9,16.0,684,2.5
2.9,-0.1,-1.7,72.11,0.0,0,20.5,11.1,249,1014.3,0.0,16.0,705,2.5
2.9,-1.6,-1.6,72.32,0.0,0,22.3,20.1,247,1014.6,0.9,16.0,671,2.4
3.3,0.0,-1.6,69.96,0.0,0,22.3,13.3,240,1014.3,0.9,16.0,562,2.0
3.8,0.3,-1.6,68.06,0.0,0,20.5,14.4,238,1014.5,2.9,16.0,422,1.5
4.2,1.3,-1.6,66.14,0.0,0,20.5,12.0,237,1015.0,2.9,16.0,223,0.8
3.7,1.5,-1.2,70.13,0.0,0,22.3,8.7,186,1015.3,45.7,16.0,42,0.2
2.9,-0.2,-1.2,74.97,0.0,0,18.4,11.5,219,1016.1,85.0,16.0,5,0.0
2.8,0.0,-1.1,75.45,0.0,0,18.4,10.1,211,1016.6,100.0,15.9,0,0.0
2.2,-0.2,-1.1,78.5,0.0,0,18.4,8.3,212,1016.9,100.0,15.9,0,0.0
2.2,-0.2,-1.6,75.9,0.0,0,18.4,8.5,239,1016.9,100.0,11.1,0,0.0
2.2,-0.6,-0.7,81.32,0.026,100,18.4,9.6,230,1017.3,100.0,12.8,0,0.0
1.7,0.0,-0.6,84.31,0.0,0,18.4,6.0,209,1016.9,100.0,11.0,0,0.0
1.7,-0.1,0.0,88.46,0.0,0,18.4,5.9,245,1017.4,100.0,10.0,0,0.0
2.1,-1.0,-0.7,81.56,0.0,0,18.4,11.1,239,1017.7,100.0,10.9,0,0.0
2.9,-1.1,-0.1,80.78,0.0,0,35.3,16.9,270,1018.5,88.4,10.3,0,0.0
2.3,-1.6,-0.6,81.09,0.0,0,20.5,15.2,261,1019.4,44.0,10.1,0,0.0
2.7,-0.8,-0.6,78.71,0.0,0,20.5,13.2,280,1020.4,89.6,13.5,0,0.0
2.9,-0.3,-0.7,77.56,0.0,0,18.4,11.9,280,1021.5,90.3,15.8,0,0.0
2.2,-0.7,-1.1,78.5,0.0,0,18.4,10.3,279,1022.5,97.2,13.3,7,0.0
1.7,-1.6,-1.2,80.93,0.0,0,18.4,11.5,273,1023.2,0.9,11.6,48,0.2
2.9,-0.3,-1.1,75.0,0.0,0,16.6,12.1,290,1023.9,24.5,13.4,182,0.7
3.8,1.4,-0.7,72.37,0.0,0,16.6,9.6,301,1024.3,24.5,14.2,400,1.4
4.0,2.7,-0.6,72.0,0.0,0,14.8,5.5,255,1025.1,0.9,16.0,576,2.1
5.1,2.0,-1.6,62.3,0.0,0,11.2,13.8,271,1025.4,1.6,16.0,670,2.4
6.1,5.4,-1.5,57.99,0.0,0,9.4,5.1,295,1025.4,1.6,15.9,708,2.5
6.8,4.3,-2.7,51.1,0.0,0,7.6,12.6,249,1025.1,1.6,16.0,669,2.4
6.8,4.7,-2.8,50.59,0.0,0,5.4,10.8,263,1025.2,1.6,16.0,554,2.0
7.3,5.8,-3.1,47.62,0.0,0,5.4,8.2,249,1025.1,1.6,16.0,399,1.4
6.8,6.0,-2.7,50.53,0.0,0,5.4,5.4,248,1024.8,1.6,16.0,228,0.8
7.9,7.9,-3.4,44.72,0.0,0,7.6,4.8,28,1024.6,0.9,16.0,56,0.2
3.9,3.9,-2.9,61.1,0.0,0,7.6,4.6,102,1025.1,0.9,16.0,9,0.0
1.0,1.0,-3.7,70.83,0.0,0,7.6,0.8,22,1025.3,0.9,16.0,0,0.0
0.3,0.3,-3.7,74.42,0.0,0,9.4,0.2,7,1025.2,0.9,16.0,0,0.0
1.3,-0.7,-2.7,74.71,0.0,0,11.2,6.5,101,1025.3,2.9,15.9,0,0.0
2.2,-1.3,-1.6,75.76,0.0,0,13.0,12.8,101,1024.1,29.6,15.9,0,0.0
2.2,-0.6,-1.2,78.18,0.0,0,14.8,9.8,82,1023.5,2.9,13.3,0,0.0
2.2,-0.1,-1.1,78.5,0.0,0,16.6,8.1,65,1024.0,84.7,13.0,0,0.0
2.2,-0.9,-1.1,78.5,0.0,0,18.4,11.0,353,1026.0,100.0,12.9,0,0.0
2.2,-0.7,-1.1,78.81,0.0,0,18.4,9.8,95,1024.7,98.8,10.1,0,0.0
2.2,-2.2,-1.1,78.5,0.0,0,25.9,18.1,90,1022.2,100.0,8.8,0,0.0
2.3,-0.5,-1.2,77.69,0.0,0,29.5,9.7,105,1023.0,100.0,14.2,0,0.0
0.7,-3.2,-1.1,87.23,1.339,100,31.3,13.4,119,1022.9,100.0,2.2,0,0.0
0.7,-3.7,-1.1,87.28,0.57,100,35.3,16.0,106,1022.1,100.0,6.4,0,0.0
1.2,-3.9,-1.1,84.16,0.044,100,33.5,22.0,100,1020.1,100.0,8.4,18,0.1
2.3,-2.7,-1.6,75.37,0.0,0,31.7,23.0,109,1019.7,90.3,14.2,154,0.6
3.4,-0.4,-1.6,69.77,0.0,0,39.1,16.0,99,1018.7,56.0,16.0,281,1.0
5.0,0.9,-2.0,60.81,0.0,0,40.7,20.8,106,1017.4,3.2,16.0,519,1.9
5.7,1.8,-1.1,61.64,0.0,0,33.7,21.4,73,1016.5,3.2,16.0,464,1.7
5.7,2.6,-1.2,61.55,0.0,0,31.7,15.2,73,1015.4,56.0,16.0,171,0.6
3.9,-0.1,-0.7,72.2,0.363,100,33.5,17.8,61,1014.3,100.0,7.0,91,0.3
2.9,-1.0,0.0,81.23,2.864,100,29.5,15.5,52,1014.3,100.0,6.2,49,0.2
1.9,-2.1,-0.1,86.97,2.533,100,31.7,15.2,89,1014.1,100.0,4.2,47,0.2
1.7,-1.8,-0.1,88.04,2.091,100,37.1,12.4,90,1014.1,100.0,4.1,22,0.1
1.2,-3.1,-0.6,87.53,1.232,100,28.0,16.3,40,1013.9,100.0,9.9,12,0.0
1.2,-3.5,-0.6,87.56,0.0,0,27.7,18.9,40,1015.1,100.0,8.2,2,0.0
1.2,-3.3,-0.6,87.56,0.0,0,27.7,17.7,50,1015.6,100.0,11.4,0,0.0
1.2,-3.3,-0.6,87.42,0.0,0,27.7,17.5,59,1016.2,100.0,11.6,0,0.0
1.2,-2.9,-0.6,87.42,0.0,0,35.3,15.2,68,1015.5,100.0,10.0,0,0.0
1.2,-2.4,-0.7,87.45,0.0,0,29.5,12.1,79,1015.3,100.0,8.6,0,0.0
0.7,-3.5,-1.1,87.39,0.134,100,31.3,15.2,39,1016.7,100.0,7.8,0,0.0
0.6,-3.1,-1.2,87.38,0.701,100,33.5,12.5,3,1017.9,100.0,2.9,0,0.0
0.0,-5.5,-1.6,88.68,0.222,100,33.5,21.8,27,1018.7,100.0,2.4,0,0.0
-0.6,-5.6,-2.8,85.07,0.005,100,22.3,17.3,30,1019.5,98.8,15.5,0,0.0
0.0,-4.4,-3.3,78.53,0.0,0,22.3,15.2,9,1020.8,100.0,15.9,0,0.0
0.0,-4.4,-3.3,78.53,0.0,0,20.5,14.9,350,1021.9,100.0,16.0,0,0.0
0.0,-5.0,-3.3,78.17,0.0,0,18.4,18.2,350,1023.1,100.0,16.0,0,0.0
-0.6,-5.5,-4.0,77.98,0.0,0,22.3,16.8,351,1024.6,89.0,16.0,8,0.0
-0.6,-5.5,-5.1,71.91,0.0,0,22.3,16.8,350,1025.8,1.6,16.0,41,0.1
0.1,-5.5,-5.7,65.01,0.0,0,37.1,22.8,1,1027.0,0.9,16.0,157,0.6
1.2,-4.4,-6.1,58.24,0.0,0,37.1,25.4,10,1027.8,0.0,16.0,327,1.2
2.2,-3.0,-6.2,53.94,0.0,0,40.7,24.4,11,1028.7,0.0,16.0,561,2.0
2.9,-2.3,-6.7,49.19,0.0,0,39.5,26.4,28,1029.2,0.0,16.0,685,2.5
3.9,-1.1,-7.8,42.36,0.0,0,38.0,26.2,19,1029.6,0.0,16.0,720,2.6
5.0,0.9,-7.3,40.76,0.0,0,38.9,21.0,11,1029.9,0.0,16.0,680,2.4
5.1,1.0,-8.9,35.69,0.0,0,35.7,21.5,29,1030.7,0.0,16.0,585,2.1
5.7,2.3,-9.9,31.53,0.0,0,20.5,17.3,16,1031.3,0.0,16.0,438,1.6
5.7,1.5,-9.6,32.35,0.0,0,18.4,23.5,18,1031.7,0.0,16.0,226,0.8
4.4,1.1,-11.3,30.98,0.0,0,25.9,14.0,1,1032.0,0.0,16.0,71,0.3
2.8,0.0,-11.6,33.81,0.0,0,22.3,10.2,16,1032.7,0.9,16.0,9,0.0
1.7,-2.0,-10.7,39.31,0.0,0,20.5,12.9,8,1033.3,0.9,16.0,0,0.0
0.7,-2.1,-11.1,40.84,0.0,0,16.6,8.6,20,1033.8,0.9,16.0,0,0.0
-1.5,-3.7,-11.2,47.82,0.0,0,16.6,5.8,357,1034.5,0.0,16.0,0,0.0
-1.7,-3.9,-9.5,55.19,0.0,0,20.5,5.9,4,1034.8,0.0,16.0,0,0.0
-3.5,-3.5,-8.7,67.28,0.0,0,25.9,1.5,356,1034.4,0.0,16.0,0,0.0
-4.6,-4.6,-9.2,70.28,0.0,0,27.7,1.2,355,1033.8,0.0,16.0,0,0.0
-3.7,-6.2,-10.1,60.76,0.0,0,29.5,6.0,333,1033.8,0.9,16.0,0,0.0
-1.6,-5.2,-10.6,50.03,0.0,0,27.7,10.0,17,1033.4,1.6,16.0,0,0.0
-1.6,-5.6,-10.6,50.4,0.0,0,27.7,11.6,350,1033.8,1.6,16.0,0,0.0
-1.7,-5.6,-9.9,53.42,0.0,0,25.9,11.3,360,1033.9,2.9,16.0,0,0.0
-1.7,-6.0,-8.8,58.03,0.0,0,25.9,12.8,18,1034.4,2.9,16.0,0,0.0
-2.2,-6.2,-8.3,62.79,0.0,0,25.9,11.1,16,1034.8,2.9,16.0,8,0.0
-1.1,-5.3,-7.2,63.31,0.0,0,25.9,12.6,26,1035.0,2.9,16.0,62,0.2
0.1,-4.8,-7.1,58.28,0.0,0,27.7,17.8,19,1035.3,2.9,16.0,187,0.7
1.9,-2.1,-6.2,55.04,0.0,0,33.5,15.3,37,1035.1,2.9,16.0,373,1.3
2.9,-1.3,-7.1,47.6,0.0,0,33.5,18.7,46,1035.0,2.9,16.0,499,1.8
4.4,-0.1,-7.1,42.88,0.0,0,42.5,24.3,20,1034.6,2.9,16.0,654,2.4
5.7,1.6,-7.7,37.5,0.0,0,24.1,22.3,18,1034.7,2.9,16.0,687,2.5
6.6,2.8,-7.2,36.62,0.0,0,32.6,22.6,23,1033.9,2.9,16.0,674,2.4
6.2,3.7,-7.7,36.13,0.0,0,34.7,12.1,29,1033.5,1.6,16.0,583,2.1
5.8,1.5,-8.8,34.32,0.0,0,35.3,24.9,36,1033.1,1.6,16.0,420,1.5
5.7,2.6,-8.8,34.34,0.0,0,24.1,14.9,29,1032.8,1.6,16.0,219,0.8
4.4,0.7,-9.9,34.63,0.0,0,22.3,16.9,28,1033.1,1.6,16.0,69,0.2
2.2,-0.7,-9.9,40.53,0.0,0,22.3,9.9,20,1033.3,1.6,16.0,9,0.0
1.1,-1.5,-9.9,43.71,0.0,0,22.3,8.2,20,1033.1,1.6,16.0,0,0.0
0.6,-2.9,-9.9,45.48,0.0,0,24.1,11.3,19,1032.4,1.6,16.0,0,0.0
-0.1,-4.1,-9.2,50.35,0.0,0,25.9,12.9,30,1032.3,1.6,16.0,0,0.0
-0.6,-4.5,-8.3,56.28,0.0,0,25.9,11.7,31,1032.2,2.9,16.0,0,0.0
-1.2,-4.0,-8.3,58.37,0.0,0,25.9,7.8,30,1032.2,2.9,16.0,0,0.0
-1.3,-4.1,-8.7,56.9,0.0,0,24.1,7.8,30,1032.0,3.2,16.0,0,0.0
-1.3,-4.6,-9.2,55.09,0.0,0,24.1,9.3,50,1031.3,79.5,16.0,0,0.0
-1.3,-4.6,-8.7,56.9,0.0,0,22.3,9.1,47,1030.7,85.0,16.0,0,0.0
-1.7,-3.8,-8.3,60.9,0.0,0,20.5,5.6,23,1030.9,32.4,16.0,0,0.0
-1.2,-4.1,-7.8,61.1,0.0,0,18.4,7.8,52,1030.4,46.0,16.0,0,0.0
-1.3,-1.3,-7.7,61.7,0.0,0,16.6,1.0,13,1030.6,48.9,16.0,0,0.0
-0.8,-3.4,-7.1,62.52,0.0,0,18.4,7.2,6,1031.1,89.4,16.0,9,0.0
-0.1,-4.0,-6.1,63.79,0.0,0,18.4,12.5,27,1030.8,26.9,16.0,52,0.2
0.7,-2.7,-5.9,60.92,0.0,0,20.5,11.2,3,1031.0,14.4,16.0,114,0.4
1.3,-2.0,-5.7,59.75,0.0,0,24.1,11.1,50,1031.0,13.1,16.0,244,0.9
2.9,-1.3,-5.7,52.97,0.0,0,24.1,18.4,60,1029.9,3.2,16.0,538,1.9
4.3,0.8,-5.1,50.22,0.0,0,25.9,16.0,52,1029.5,2.9,16.0,685,2.5
5.7,2.7,-4.9,46.55,0.0,0,24.1,14.1,82,1028.6,2.9,16.0,784,2.8
5.7,2.7,-4.3,48.41,0.0,0,24.1,14.8,71,1027.5,84.7,16.0,524,1.9
6.2,3.4,-4.2,47.22,0.0,0,24.1,13.9,80,1026.7,29.6,16.0,463,1.7
6.7,4.0,-3.3,48.96,0.0,0,31.7,13.9,90,1025.7,3.2,16.0,340,1.2
6.1,3.0,-3.4,50.61,0.0,0,29.5,15.9,71,1025.3,3.2,16.0,157,0.6
5.0,1.7,-3.8,52.92,0.0,0,25.9,15.5,87,1024.8,3.2,16.0,38,0.1
3.8,0.2,-3.3,59.66,0.0,0,27.7,15.5,61,1023.9,6.3,16.0,6,0.0
2.8,-0.3,-3.3,64.05,0.0,0,25.9,11.8,71,1022.7,3.2,16.0,0,0.0
2.0,-1.2,-3.4,67.48,0.0,0,29.5,11.6,89,1022.4,8.8,16.0,0,0.0
1.1,-2.8,-3.4,72.24,0.0,0,27.7,13.4,67,1022.6,100.0,15.9,0,0.0
0.0,-4.3,-3.8,75.27,0.0,0,18.4,14.5,47,1022.2,100.0,15.9,0,0.0
-0.6,-5.3,-4.3,75.71,0.0,0,27.7,16.1,40,1021.2,100.0,16.0,0,0.0
-0.6,-4.4,-4.3,76.03,0.0,0,31.3,11.6,31,1020.4,100.0,16.0,0,0.0
-1.0,-5.5,-3.3,84.27,0.0,0,33.5,14.6,42,1018.9,100.0,2.2,0,0.0
-1.1,-6.1,-2.8,88.21,0.267,100,37.1,17.0,49,1016.7,100.0,2.0,0,0.0
-1.1,-6.3,-2.8,88.31,0.591,100,31.7,18.4,50,1015.3,100.0,2.0,0,0.0
-1.1,-6.1,-2.8,88.21,0.593,100,37.1,17.1,50,1014.6,100.0,1.1,0,0.0
-1.1,-6.0,-2.8,88.57,1.036,100,35.3,16.0,40,1013.9,100.0,1.1,0,0.0
-1.2,-6.8,-3.3,85.54,0.615,100,35.3,20.9,40,1013.1,100.0,2.0,3,0.0
-1.2,-6.2,-2.8,88.67,0.611,100,35.3,17.3,40,1012.2,100.0,1.0,25,0.1
-1.1,-6.1,-2.8,88.31,0.368,100,33.5,17.1,39,1011.8,100.0,1.0,79,0.3
-0.6,-5.3,-2.8,85.36,0.27,100,31.3,15.6,30,1011.4,100.0,1.0,131,0.5
0.6,-4.4,-2.2,81.62,0.232,100,31.3,19.5,19,1011.2,100.0,2.4,309,1.1
0.7,-4.6,-2.2,81.16,0.137,100,20.5,22.0,19,1011.3,100.0,2.3,402,1.4
1.7,-2.8,-1.8,77.71,0.184,100,38.5,17.9,2,1011.4,100.0,5.6,321,1.2
1.7,-2.9,-2.1,75.7,0.0,0,35.3,18.9,351,1011.7,100.0,5.6,275,1.0
1.8,-2.6,-2.3,74.51,0.0,0,37.1,17.2,1,1012.1,100.0,11.6,273,1.0
1.8,-3.0,-2.8,71.87,0.0,0,38.9,20.3,9,1012.9,100.0,15.8,206,0.7
1.7,-3.3,-2.2,75.09,0.0,0,35.3,21.8,351,1013.7,100.0,15.9,83,0.3
1.2,-3.8,-2.9,74.2,0.0,0,38.9,21.0,343,1014.9,100.0,16.0,18,0.1
0.7,-4.4,-3.2,74.86,0.0,0,35.3,20.9,348,1015.6,100.0,16.0,5,0.0
0.1,-4.9,-3.8,75.31,0.0,0,33.5,18.9,349,1016.4,100.0,15.9,0,0.0
0.0,-4.9,-4.4,72.21,0.0,0,42.5,17.7,350,1017.3,100.0,16.0,0,0.0
-0.6,-6.2,-4.4,74.99,0.0,0,35.6,21.8,341,1017.7,100.0,16.0,0,0.0
-0.6,-5.4,-5.0,72.03,0.0,0,27.7,16.6,343,1017.6,100.0,16.0,0,0.0
-0.6,-4.7,-4.4,75.11,0.0,0,29.5,13.1,5,1017.8,100.0,15.9,0,0.0
-0.6,-6.0,-5.0,71.64,0.0,0,35.3,20.4,357,1017.8,100.0,15.9,0,0.0
-0.6,-4.5,-5.0,71.64,0.0,0,29.5,12.2,350,1017.9,100.0,16.0,0,0.0
-0.6,-5.1,-5.6,68.56,0.0,0,31.7,15.0,342,1018.3,99.6,16.0,0,0.0
-1.1,-5.7,-5.7,71.0,0.0,0,29.5,15.1,332,1018.5,100.0,16.0,0,0.0
-1.1,-6.0,-5.6,71.31,0.0,0,14.8,16.7,332,1018.8,99.6,16.0,0,0.0
-1.1,-5.5,-6.1,68.83,0.0,0,14.8,13.7,349,1018.9,100.0,16.0,0,0.0
-2.0,-5.8,-6.6,70.92,0.0,0,25.9,10.3,331,1019.4,57.2,16.0,8,0.0
-2.0,-5.8,-5.7,75.72,0.0,0,25.9,10.4,315,1020.1,14.0,16.0,58,0.2
-2.0,-6.9,-6.1,73.36,0.0,0,24.1,14.9,349,1020.4,100.0,16.0,165,0.6
-1.0,-5.2,-5.7,70.52,0.0,0,25.9,13.1,359,1020.6,32.4,16.0,450,1.6
0.8,-2.2,-5.6,62.59,0.0,0,24.1,9.4,360,1020.2,6.3,16.0,632,2.3
1.7,-0.3,-5.6,58.43,0.0,0,22.3,6.7,47,1019.6,55.6,16.0,553,2.0
2.4,-0.3,-5.6,55.78,0.0,0,20.5,9.4,57,1019.2,55.6,16.0,805,2.9
3.0,3.0,-6.0,51.66,0.0,0,18.4,1.0,4,1018.3,89.4,16.0,582,2.1
4.2,4.2,-5.6,48.86,0.0,0,16.6,0.8,324,1018.0,89.4,16.0,441,1.6
3.9,3.9,-5.6,49.96,0.0,0,14.8,0.6,23,1017.8,100.0,16.0,455,1.6
4.0,4.0,-6.0,48.17,0.0,0,14.8,0.4,11,1017.6,90.6,16.0,128,0.5
2.8,1.0,-4.7,57.53,0.0,0,13.0,6.7,202,1017.5,90.3,16.0,53,0.2
1.6,-1.7,-3.9,66.93,0.0,0,13.0,11.6,127,1017.7,12.8,16.0,7,0.0
0.1,-3.9,-4.3,72.44,0.0,0,16.6,12.8,110,1018.6,90.3,16.0,0,0.0
0.1,-3.2,-4.3,72.25,0.0,0,18.4,9.9,118,1018.2,100.0,16.0,0,0.0
-0.1,-3.9,-4.4,72.61,0.0,0,22.3,12.0,117,1018.5,100.0,15.9,0,0.0
-1.1,-5.7,-4.4,78.0,0.0,0,11.2,14.9,99,1018.3,100.0,16.0,0,0.0
-1.2,-5.0,-4.5,77.86,0.0,0,16.6,11.4,113,1018.2,100.0,15.9,0,0.0
-1.6,-5.4,-5.1,77.17,0.0,0,14.8,10.8,92,1017.8,100.0,16.0,0,0.0
-1.6,-5.9,-5.1,77.05,0.0,0,14.8,12.6,106,1017.6,100.0,14.2,0,0.0
-1.7,-4.6,-5.1,77.46,0.0,0,16.6,7.7,83,1017.3,100.0,14.2,0,0.0
-1.7,-3.8,-5.1,77.46,0.0,0,16.6,5.8,77,1016.8,100.0,14.1,0,0.0
-2.1,-7.0,-5.7,76.52,0.0,0,16.6,14.9,60,1015.9,100.0,14.2,0,0.0
-2.8,-8.2,-6.2,77.39,0.0,0,16.6,16.8,77,1015.6,100.0,13.3,0,0.0
-3.2,-7.6,-6.2,80.28,0.0,0,18.4,11.6,69,1015.2,100.0,2.3,4,0.0
-3.3,-8.0,-5.7,83.8,0.27,100,16.6,13.0,50,1015.2,100.0,1.9,34,0.1
-2.8,-5.9,-5.6,80.82,0.266,100,16.6,7.8,76,1015.1,100.0,2.8,156,0.6
-2.7,-7.3,-6.0,77.86,0.049,100,16.6,12.8,68,1014.6,100.0,13.6,221,0.8
-1.7,-5.2,-5.1,77.58,0.033,100,16.6,9.7,59,1014.6,100.0,14.1,262,0.9
-1.2,-4.2,-4.4,78.32,0.0,0,14.8,8.3,66,1014.0,100.0,15.8,288,1.0
-0.7,-3.3,-4.4,75.71,0.0,0,14.8,7.3,88,1014.1,100.0,16.0,253,0.9
0.0,0.0,-3.9,74.9,0.0,0,14.8,0.6,13,1013.4,100.0,15.8,215,0.8
0.0,-2.5,-4.4,72.01,0.0,0,13.0,7.5,52,1012.9,100.0,16.0,163,0.6
0.6,0.6,-4.3,69.2,0.0,0,13.0,1.1,11,1012.7,100.0,16.0,146,0.5
0.7,-1.2,-4.4,68.54,0.0,0,13.0,6.0,28,1012.7,100.0,15.9,91,0.3
0.7,-2.1,-4.3,68.73,0.0,0,11.2,9.0,356,1013.1,100.0,14.4,37,0.1
0.1,-2.6,-4.4,71.92,0.0,0,11.2,7.8,31,1013.1,100.0,13.4,6,0.0
0.0,-1.8,-3.9,74.77,0.0,0,11.2,5.5,29,1013.6,100.0,11.4,0,0.0
-0.6,-0.6,-3.4,81.3,0.0,0,9.4,0.1,4,1013.5,100.0,4.3,0,0.0
-1.1,-1.1,-3.3,84.86,0.0,0,7.6,0.0,0,1013.8,100.0,6.6,0,0.0
-1.1,-1.1,-3.3,84.86,0.0,0,9.4,0.0,0,1013.8,100.0,12.0,0,0.0
-1.1,-1.1,-3.3,84.86,0.0,0,7.6,0.0,0,1013.6,100.0,12.1,0,0.0
-1.1,-1.1,-3.3,84.96,0.0,0,7.6,0.0,0,1013.2,100.0,11.0,0,0.0
-1.5,-1.5,-3.3,87.77,0.0,0,7.6,0.0,0,1013.1,100.0,11.0,0,0.0
-1.1,-1.1,-3.2,85.31,0.0,0,5.4,1.1,322,1012.9,100.0,9.6,0,0.0
-1.5,-1.5,-3.3,87.7,0.0,0,5.4,0.9,325,1012.6,100.0,10.4,0,0.0
-1.1,-1.1,-3.2,85.61,0.0,0,5.4,0.8,319,1012.5,100.0,9.3,0,0.0
-1.1,-1.1,-2.8,88.43,0.257,100,5.4,0.0,0,1012.6,100.0,3.3,0,0.0
-1.1,-1.1,-2.8,88.17,0.257,100,7.6,4.6,203,1012.8,100.0,2.1,2,0.0
-1.1,-4.6,-3.2,85.31,0.0,0,9.4,9.9,238,1012.7,100.0,1.9,12,0.0
-1.1,-5.3,-3.2,85.43,0.145,100,11.2,12.8,265,1013.4,100.0,3.8,37,0.1
-1.1,-5.7,-3.8,82.13,0.194,100,13.0,14.8,275,1013.5,100.0,1.8,35,0.1
-0.7,-5.8,-3.2,82.91,0.099,100,14.8,18.5,280,1013.5,100.0,1.9,52,0.2
-0.6,-5.2,-3.2,82.39,0.093,100,14.8,15.4,281,1013.7,100.0,1.1,80,0.3
-0.9,-5.8,-3.2,84.37,0.232,100,16.6,16.2,277,1013.4,100.0,1.4,89,0.3
-0.6,-5.1,-2.8,84.56,0.339,100,22.3,15.1,327,1013.6,100.0,2.0,81,0.3
-0.6,-4.8,-3.8,78.93,0.062,100,25.9,13.8,340,1013.8,100.0,2.1,96,0.3
-1.0,-6.1,-4.3,78.21,0.0,0,14.8,18.0,341,1014.4,100.0,2.2,64,0.2
-1.1,-6.8,-4.9,75.52,0.01,100,16.6,21.8,330,1015.2,100.0,3.3,53,0.2
-2.0,-7.5,-6.2,73.11,0.0,0,37.1,18.1,334,1015.7,100.0,5.8,24,0.1
-2.1,-6.2,-6.2,73.66,0.0,0,27.7,11.2,323,1016.8,100.0,14.2,5,0.0
-2.1,-6.7,-6.1,74.11,0.0,0,29.5,13.2,328,1017.5,99.8,9.0,0,0.0
-3.7,-9.1,-7.8,73.15,0.0,0,42.5,16.1,321,1018.3,90.6,15.6,0,0.0
-4.3,-9.5,-8.8,70.66,0.01,100,35.3,14.1,320,1019.0,37.7,16.0,0,0.0
-4.3,-11.0,-9.2,68.31,0.0,0,35.3,22.5,327,1019.1,100.0,11.6,0,0.0
-4.3,-10.2,-9.2,68.6,0.0,0,33.5,17.5,319,1019.3,100.0,15.8,0,0.0
-4.9,-10.6,-9.9,68.09,0.0,0,33.5,15.9,320,1019.4,100.0,15.9,0,0.0
-5.5,-12.0,-9.9,71.1,0.0,0,33.5,19.1,319,1020.1,100.0,10.6,0,0.0
-6.5,-11.9,-10.5,72.95,0.0,0,33.5,12.8,311,1020.4,90.6,15.8,0,0.0
-7.0,-13.1,-11.5,70.31,0.0,0,33.5,15.5,302,1020.5,14.4,15.8,0,0.0
-7.1,-13.3,-11.1,73.05,0.0,0,33.5,15.5,310,1021.0,85.0,15.9,0,0.0
-7.1,-13.3,-11.1,73.14,0.0,0,33.5,15.6,302,1021.6,3.2,15.9,0,0.0
-7.2,-13.6,-11.2,73.32,0.0,0,33.5,16.6,301,1022.2,3.2,16.0,9,0.0
-6.6,-12.7,-10.6,73.27,0.0,0,33.5,15.6,319,1022.7,0.9,16.0,71,0.3
-5.0,-11.9,-10.5,65.12,0.0,0,33.5,22.7,320,1023.3,0.9,16.0,217,0.8
-3.8,-11.3,-11.0,57.35,0.0,0,44.7,28.5,338,1024.0,7.2,16.0,321,1.2
-3.2,-10.3,-11.0,54.81,0.0,0,42.3,27.5,320,1024.3,25.3,16.0,357,1.3
-2.0,-8.1,-9.8,55.01,0.0,0,37.0,22.3,305,1024.2,0.9,16.0,363,1.3
-1.1,-6.6,-9.3,53.58,0.0,0,38.6,19.7,321,1024.2,0.9,16.0,593,2.1
0.0,-5.6,-8.8,51.53,0.0,0,42.9,23.0,336,1024.0,24.5,16.0,590,2.1
0.1,-5.4,-8.3,53.28,0.0,0,43.3,22.5,314,1024.0,0.9,16.0,557,2.0
0.8,-5.0,-8.3,50.7,0.0,0,38.8,25.7,305,1024.1,4.7,16.0,383,1.4
0.8,-4.1,-8.8,48.66,0.0,0,44.4,19.3,302,1024.3,11.5,16.0,245,0.9
0.7,-4.4,-9.3,47.34,0.0,0,31.7,20.3,303,1024.7,0.9,16.0,79,0.3
-0.6,-4.5,-10.9,45.71,0.0,0,27.7,11.7,309,1025.1,0.0,16.0,13,0.0
-1.3,-4.1,-11.4,46.0,0.0,0,25.9,7.8,306,1025.3,0.0,16.0,0,0.0
-3.1,-5.3,-10.6,55.94,0.0,0,25.9,5.5,263,1025.3,0.0,16.0,0,0.0
-3.7,-7.0,-10.7,58.37,0.0,0,24.1,7.7,279,1025.7,0.0,16.0,0,0.0
-3.4,-7.1,-9.6,62.16,0.0,0,22.3,9.4,278,1025.6,0.0,16.0,0,0.0
-3.3,-7.7,-8.4,67.85,0.0,0,22.3,11.5,290,1025.6,0.0,16.0,0,0.0
-3.9,-7.9,-8.4,70.77,0.0,0,20.5,9.8,291,1025.7,0.9,15.9,0,0.0
-5.0,-8.7,-8.5,76.93,0.0,0,18.4,8.3,283,1026.0,0.9,15.9,0,0.0
-4.9,-8.6,-8.4,76.74,0.0,0,16.6,8.3,302,1026.2,0.9,16.0,0,0.0
-6.0,-9.8,-8.9,80.25,0.0,0,9.4,8.0,284,1026.0,1.6,16.0,0,0.0
-6.5,-9.5,-8.9,82.91,0.0,0,11.2,6.0,275,1026.5,1.6,16.0,0,0.0
-7.0,-10.1,-9.3,83.12,0.0,0,11.2,6.2,271,1026.7,1.6,16.0,0,0.0
-7.5,-7.5,-10.4,79.59,0.0,0,14.8,1.1,338,1026.9,1.6,15.9,6,0.0
-4.9,-7.6,-7.8,80.05,0.0,0,13.0,5.9,264,1027.2,1.6,16.0,64,0.2
-2.8,-5.9,-6.8,73.66,0.0,0,13.0,7.8,266,1027.3,2.9,16.0,246,0.9
-0.7,-2.3,-7.3,60.73,0.0,0,11.2,4.9,334,1026.9,2.9,16.0,453,1.6
1.7,-1.1,-7.3,51.39,0.0,0,14.8,9.2,238,1026.3,2.9,16.0,630,2.3
2.9,-0.4,-6.7,49.48,0.0,0,16.6,12.5,222,1026.0,0.9,16.0,725,2.6
4.3,1.0,-6.6,44.86,0.0,0,18.4,14.6,183,1025.0,0.0,16.0,757,2.7
6.1,2.9,-8.1,35.41,0.0,0,29.0,17.2,247,1024.3,0.0,16.0,723,2.6
6.7,3.8,-7.9,34.35,0.0,0,27.7,15.7,245,1023.5,0.9,16.0,623,2.2
6.8,3.6,-7.2,36.24,0.0,0,25.9,18.0,211,1022.7,0.9,16.0,474,1.7
6.8,3.3,-7.0,36.62,0.0,0,31.7,20.3,218,1021.9,1.6,16.0,278,1.0
5.7,2.6,-6.4,41.46,0.0,0,37.1,15.8,201,1021.5,1.6,16.0,77,0.3
3.9,1.0,-6.0,48.23,0.0,0,18.4,11.7,201,1021.4,2.9,16.0,11,0.0
3.3,0.7,-5.5,52.53,0.0,0,20.5,9.9,191,1021.1,2.9,16.0,0,0.0
2.9,0.6,-5.9,52.33,0.0,0,22.3,8.2,208,1021.1,3.2,16.0,0,0.0
2.9,0.7,-5.5,54.21,0.0,0,24.1,7.8,191,1020.7,100.0,16.0,0,0.0
1.8,-0.7,-5.6,57.97,0.0,0,22.3,8.3,191,1020.3,3.0,16.0,0,0.0
1.3,-1.6,-5.0,62.79,0.0,0,25.9,9.6,193,1019.9,3.2,16.0,0,0.0
0.9,-2.2,-5.7,61.72,0.0,0,27.7,9.8,201,1019.3,3.2,16.0,0,0.0
1.2,-0.6,-4.9,63.54,0.0,0,27.7,6.0,192,1018.6,1.6,16.0,0,0.0
1.1,-0.7,-5.6,60.93,0.0,0,16.6,6.0,182,1017.3,3.2,16.0,0,0.0
-0.5,-3.2,-5.7,68.01,0.0,0,14.8,7.7,210,1017.2,3.2,16.0,0,0.0
-0.4,-3.1,-5.6,68.01,0.0,0,14.8,7.8,193,1017.3,3.2,16.0,0,0.0
-0.8,-2.9,-6.1,67.54,0.0,0,14.8,5.9,190,1017.1,3.2,16.0,0,0.0
-0.4,-3.2,-5.7,67.83,0.0,0,14.8,7.8,180,1016.9,3.2,16.0,12,0.0
1.3,-2.1,-5.0,62.69,0.0,0,18.4,11.4,189,1016.4,2.9,16.0,67,0.2
3.4,0.1,-4.5,56.24,0.0,0,22.3,13.5,192,1016.0,2.9,16.0,215,0.8
5.8,2.6,-4.0,49.19,0.0,0,25.9,15.8,194,1015.1,2.9,16.0,427,1.5
7.5,4.1,-3.4,45.98,0.0,0,27.7,21.1,193,1014.0,2.9,16.0,567,2.0
10.2,10.2,-2.8,40.19,0.0,0,38.0,25.0,193,1013.2,2.9,16.0,586,2.1
11.2,11.2,-2.2,39.14,0.0,0,39.5,23.1,183,1011.9,3.2,16.0,430,1.5
11.3,11.3,-2.3,38.67,0.0,0,37.1,24.6,192,1010.7,3.2,16.0,411,1.5
11.4,11.4,-2.2,38.56,0.0,0,45.8,27.2,191,1009.3,3.2,16.0,432,1.6
11.8,11.8,-2.2,37.7,0.0,0,42.7,21.1,190,1008.4,100.0,16.0,130,0.5
10.1,10.1,1.1,53.71,0.257,100,31.3,15.5,191,1007.5,100.0,15.8,78,0.3
10.2,10.2,0.6,51.5,0.0,0,54.3,33.6,189,1006.7,100.0,15.9,30,0.1
8.5,5.3,3.2,69.27,0.033,100,46.8,21.9,192,1006.6,100.0,15.9,7,0.0
8.0,5.1,3.3,72.5,0.29,100,35.9,18.1,200,1005.8,100.0,16.0,0,0.0
7.4,4.5,4.3,80.88,0.5,100,38.9,16.0,190,1004.8,100.0,15.8,0,0.0
8.4,5.2,4.9,78.64,0.043,100,43.2,21.7,201,1003.7,100.0,15.9,0,0.0
8.9,5.9,4.9,75.95,0.0,0,36.5,21.2,201,1002.3,100.0,16.0,0,0.0
8.0,4.3,4.9,80.9,0.29,100,42.0,25.6,200,1001.5,100.0,5.9,0,0.0
7.4,4.8,5.7,88.98,0.471,100,42.5,14.2,191,1000.2,100.0,6.4,0,0.0
7.3,5.2,5.7,89.32,0.3,100,42.5,11.4,190,998.8,100.0,10.7,0,0.0
7.4,5.1,5.6,88.1,0.346,100,35.3,12.9,191,997.3,100.0,7.3,0,0.0
8.9,5.7,6.1,82.34,0.88,100,42.4,23.8,201,995.7,100.0,11.3,0,0.0
8.9,5.7,6.6,85.68,1.096,100,45.6,23.2,200,995.0,100.0,11.5,0,0.0
8.9,5.8,7.1,88.94,0.224,100,36.0,21.9,210,994.6,100.0,12.8,0,0.0
9.4,6.0,7.8,89.78,0.267,100,45.4,26.7,211,994.6,100.0,7.8,2,0.0
8.0,4.1,5.2,82.1,0.0,0,52.4,28.5,260,995.2,100.0,15.9,28,0.1
6.9,2.0,3.9,81.13,0.0,0,48.4,36.5,268,996.0,100.0,13.4,32,0.1
4.6,-0.6,2.9,88.36,0.257,100,51.9,31.7,260,997.6,100.0,5.7,81,0.3
4.4,-1.5,0.0,72.79,0.0,0,61.3,41.1,271,998.6,100.0,16.0,306,1.1
3.6,-2.2,-1.1,71.15,0.0,0,57.8,35.9,271,999.9,100.0,15.9,249,0.9
1.9,-4.4,-1.7,76.94,0.0,0,49.8,34.4,271,1001.3,100.0,7.4,163,0.6
1.9,-4.3,-2.8,71.23,0.0,0,57.6,33.2,269,1002.1,100.0,16.0,160,0.6
2.2,-3.7,-3.0,68.53,0.0,0,52.0,31.1,262,1002.9,100.0,16.0,191,0.7
1.8,-4.1,-4.5,63.1,0.0,0,57.6,30.0,271,1004.3,99.6,16.0,207,0.7
1.8,-4.6,-5.0,60.81,0.0,0,54.9,34.5,271,1005.2,99.6,16.0,137,0.5
1.2,-4.8,-5.7,60.09,0.0,0,49.2,29.5,272,1005.9,89.0,16.0,65,0.2
0.7,-5.5,-5.8,61.46,0.0,0,46.8,30.2,263,1006.8,98.4,16.0,10,0.0
0.2,-6.1,-6.7,59.92,0.0,0,45.2,29.0,270,1007.9,100.0,16.0,0,0.0
0.1,-6.4,-7.0,58.71,0.0,0,46.0,31.0,259,1008.9,100.0,16.0,0,0.0
-0.5,-6.4,-7.7,58.27,0.0,0,46.5,23.3,259,1009.5,100.0,16.0,0,0.0
-0.5,-5.8,-7.9,57.7,0.0,0,35.3,19.1,261,1009.1,100.0,16.0,0,0.0
-0.5,-5.7,-6.2,65.35,0.0,0,40.7,18.4,247,1009.3,100.0,15.9,0,0.0
-1.0,-6.7,-7.0,63.59,0.0,0,35.3,21.8,260,1009.2,100.0,15.7,0,0.0
-1.5,-7.5,-9.1,56.27,0.0,0,42.5,22.3,249,1009.1,90.6,16.0,0,0.0
-2.0,-8.6,-8.4,61.37,0.0,0,40.7,26.1,242,1008.9,100.0,16.0,0,0.0
-3.1,-9.8,-10.6,56.49,0.0,0,46.5,24.3,241,1008.6,51.3,16.0,0,0.0
-3.1,-9.3,-10.5,56.89,0.0,0,48.2,20.9,231,1008.5,90.3,16.0,0,0.0
-3.8,-10.9,-10.6,58.89,0.0,0,40.3,26.7,222,1008.7,99.6,16.0,0,0.0
-4.8,-13.1,-11.2,60.72,0.0,0,52.9,33.4,240,1009.3,100.0,15.1,7,0.0
-5.5,-12.9,-12.5,57.73,0.0,0,44.0,24.3,260,1009.8,98.8,14.8,71,0.3
-4.9,-12.3,-12.3,56.28,0.0,0,56.1,25.7,278,1010.1,100.0,15.8,139,0.5
-5.7,-13.9,-11.4,63.98,0.0,0,49.2,30.4,265,1010.0,98.8,4.5,215,0.8
-5.5,-14.4,-14.1,50.74,0.0,0,61.9,36.4,280,1010.9,100.0,15.7,450,1.6
-6.5,-15.3,-11.7,66.43,0.0,0,55.0,33.5,264,1011.7,100.0,3.4,494,1.8
-5.6,-14.4,-12.2,59.73,0.0,0,52.1,35.4,298,1011.9,100.0,8.1,375,1.4
-5.8,-14.9,-14.1,51.77,0.0,0,57.6,38.5,279,1012.2,89.4,8.8,560,2.0
-4.5,-13.5,-13.1,51.15,0.0,0,60.9,41.8,269,1012.0,54.5,16.0,377,1.4
-3.9,-12.4,-13.3,48.09,0.0,0,63.9,37.4,260,1013.0,90.6,14.0,257,0.9
-4.3,-13.0,-13.2,50.01,0.0,0,60.8,38.5,260,1013.7,90.6,15.8,132,0.5
-5.6,-14.9,-12.8,56.6,0.0,0,55.0,41.4,270,1014.9,98.8,13.2,75,0.3
-6.6,-14.3,-11.2,69.35,0.0,0,45.5,24.8,261,1016.1,94.1,14.2,16,0.1
-6.5,-14.4,-11.3,68.88,0.0,0,37.7,26.1,242,1017.1,99.6,11.7,0,0.0
-6.6,-14.7,-11.2,69.97,0.0,0,40.7,27.3,249,1017.8,89.0,15.9,0,0.0
-6.1,-13.7,-11.2,67.42,0.0,0,43.7,24.2,267,1018.4,98.4,15.9,0,0.0
-6.6,-13.8,-10.7,72.39,0.0,0,37.1,21.6,250,1018.6,99.6,15.9,0,0.0
-6.6,-13.6,-10.1,76.14,0.0,0,44.3,20.5,259,1019.2,99.8,5.5,0,0.0
-7.1,-13.6,-10.1,79.1,0.0,0,42.5,17.3,250,1019.3,43.7,16.0,0,0.0
-6.6,-13.3,-10.0,76.78,0.0,0,42.5,18.7,267,1019.7,87.8,16.0,0,0.0
-7.1,-13.1,-10.6,75.81,0.0,0,40.7,14.9,269,1019.9,1.6,16.0,0,0.0
-8.6,-14.5,-11.5,79.57,0.0,0,40.7,13.0,240,1020.0,0.9,16.0,0,0.0
-9.0,-14.7,-11.5,82.28,0.0,0,40.7,12.0,250,1020.6,0.9,16.0,0,0.0
-7.7,-13.9,-10.6,79.46,0.0,0,38.9,15.0,260,1021.2,0.9,16.0,0,0.0
-8.1,-13.6,-11.0,79.52,0.0,0,38.9,11.9,250,1021.6,0.9,16.0,20,0.1
-5.6,-11.7,-9.4,74.7,0.0,0,38.9,16.9,261,1022.2,77.1,16.0,78,0.3
-3.8,-10.2,-9.0,66.87,0.0,0,37.1,21.4,280,1022.8,24.5,16.0,283,1.0
-2.1,-8.6,-10.1,54.48,0.0,0,39.1,24.5,290,1023.0,89.0,16.0,456,1.6
-0.6,-6.7,-10.1,48.78,0.0,0,41.8,25.0,261,1023.0,83.4,16.0,649,2.3
0.7,-5.0,-9.4,46.93,0.0,0,39.1,24.5,268,1023.0,25.3,16.0,761,2.7
2.2,-3.4,-9.4,42.05,0.0,0,42.4,27.4,269,1022.8,24.5,16.0,790,2.8
2.9,-2.6,-9.3,40.29,0.0,0,47.8,28.6,242,1022.1,24.5,16.0,758,2.7
3.4,-1.5,-9.2,39.19,0.0,0,46.7,24.8,250,1021.6,0.9,16.0,642,2.3
3.9,-1.5,-8.9,38.94,0.0,0,44.6,31.2,253,1021.7,0.9,16.0,483,1.7
3.4,-1.6,-8.9,40.13,0.0,0,42.2,26.4,262,1021.6,0.9,16.0,291,1.0
2.3,-3.0,-9.8,40.25,0.0,0,39.1,25.6,240,1021.8,0.0,16.0,96,0.3
0.2,-5.1,-11.1,42.33,0.0,0,33.5,20.8,249,1022.4,0.0,16.0,15,0.1
-1.9,-6.0,-10.1,53.39,0.0,0,33.5,11.7,231,1022.6,0.0,16.0,0,0.0
-2.0,-6.5,-11.1,49.77,0.0,0,33.5,13.3,211,1022.6,0.0,16.0,0,0.0
-1.1,-6.2,-9.9,51.37,0.0,0,35.3,17.1,221,1022.4,0.0,16.0,0,0.0
-1.1,-6.5,-9.3,53.96,0.0,0,42.5,19.2,220,1022.1,0.0,16.0,0,0.0
-1.6,-7.1,-8.8,58.0,0.0,0,38.9,19.2,230,1021.8,0.0,16.0,0,0.0
-1.6,-7.3,-8.2,60.75,0.0,0,40.7,20.4,229,1022.0,0.0,16.0,0,0.0
-2.1,-7.6,-8.2,63.02,0.0,0,38.9,18.2,239,1022.2,0.9,16.0,0,0.0
-1.8,-7.5,-8.7,59.36,0.0,0,38.9,20.1,237,1022.0,0.0,16.0,0,0.0
-2.3,-7.8,-9.1,59.49,0.0,0,37.1,18.3,237,1021.8,0.0,16.0,0,0.0
-2.9,-7.7,-9.7,59.1,0.0,0,35.3,14.1,227,1022.1,0.0,16.0,0,0.0
-4.2,-9.1,-8.8,70.8,0.0,0,37.1,12.5,203,1022.3,0.0,16.0,0,0.0
-4.2,-9.8,-8.8,70.8,0.0,0,37.1,15.8,220,1022.5,0.0,16.0,20,0.1
-2.1,-8.3,-8.2,62.95,0.0,0,34.3,22.5,220,1022.5,0.0,16.0,92,0.3
0.0,-5.3,-8.2,54.13,0.0,0,44.3,21.0,221,1022.5,0.9,16.0,320,1.2
3.7,-1.2,-8.7,39.89,0.0,0,35.8,26.0,247,1022.5,0.9,16.0,513,1.8
4.4,-0.6,-9.1,37.03,0.0,0,43.5,28.3,219,1022.3,0.9,16.0,636,2.3
6.6,2.7,-8.2,34.02,0.0,0,44.0,23.8,204,1021.9,0.9,16.0,750,2.7
7.2,2.8,-7.8,33.44,0.0,0,47.0,32.5,204,1021.5,1.6,16.0,730,2.6
8.0,4.4,-8.2,30.86,0.0,0,48.2,24.5,212,1021.0,2.9,16.0,714,2.6
8.4,3.9,-8.7,28.94,0.0,0,55.4,38.7,220,1020.3,2.9,16.0,540,1.9
9.3,5.8,-7.8,29.21,0.0,0,52.8,27.6,219,1019.6,2.9,16.0,455,1.6
8.9,5.0,-7.2,31.43,0.0,0,51.1,31.1,220,1019.4,2.9,16.0,285,1.0
7.3,3.3,-7.8,33.32,0.0,0,47.3,27.8,220,1019.4,2.9,16.0,89,0.3
6.7,2.9,-7.7,35.05,0.0,0,50.8,23.0,211,1019.6,79.1,16.0,14,0.1
6.7,2.8,-6.7,37.88,0.0,0,40.0,24.0,209,1019.5,89.0,16.0,0,0.0
6.2,2.7,-6.1,40.99,0.0,0,47.9,19.1,220,1020.7,100.0,16.0,0,0.0
5.7,2.6,-6.1,42.43,0.0,0,46.3,15.3,220,1021.1,51.6,16.0,0,0.0
4.5,0.8,-6.1,46.19,0.0,0,35.3,16.7,212,1021.4,4.7,16.0,0,0.0
3.3,0.3,-6.5,48.35,0.0,0,37.1,12.1,220,1021.9,6.3,16.0,0,0.0
1.9,-1.5,-6.6,53.37,0.0,0,37.1,12.3,212,1022.2,3.2,16.0,0,0.0
1.3,-1.4,-6.6,55.61,0.0,0,35.3,8.8,211,1022.7,3.2,16.0,0,0.0
0.8,-3.1,-6.2,59.72,0.0,0,18.4,13.6,191,1022.7,3.2,16.0,0,0.0
-0.4,-2.6,-6.6,63.11,0.0,0,31.3,6.2,204,1023.2,8.8,16.0,0,0.0
-2.3,-2.3,-6.6,72.72,0.0,0,25.9,1.9,316,1023.7,36.8,16.0,0,0.0
-0.5,-0.5,-6.6,63.6,0.0,0,22.3,1.3,316,1024.2,89.4,16.0,0,0.0
-0.5,-0.5,-6.5,63.79,0.0,0,20.5,1.8,316,1024.8,99.6,15.9,14,0.1
0.3,-2.5,-5.7,63.8,0.0,0,22.3,8.6,190,1025.1,98.4,15.9,82,0.3
3.5,0.1,-5.7,51.06,0.0,0,24.1,13.7,200,1025.2,29.6,15.9,280,1.0
5.2,1.9,-5.0,47.67,0.0,0,25.9,15.8,223,1025.4,2.9,16.0,452,1.6
7.8,5.2,-4.3,41.94,0.0,0,25.9,15.0,218,1025.5,2.9,16.0,629,2.3
8.9,6.8,-3.9,40.32,0.0,0,24.1,13.4,175,1025.4,3.2,16.0,676,2.4
10.0,10.0,-4.4,35.99,0.0,0,24.1,16.5,200,1024.9,3.2,16.0,525,1.9
11.2,11.2,-5.7,30.2,0.0,0,25.9,16.6,185,1024.2,3.2,16.0,482,1.7
11.9,11.9,-7.7,24.76,0.0,0,33.6,23.5,202,1023.6,3.2,16.0,408,1.5
13.0,13.0,-6.3,25.62,0.0,0,33.5,16.8,201,1023.1,3.2,16.0,368,1.3
13.4,13.4,-6.7,24.12,0.0,0,31.7,19.0,199,1022.3,2.9,16.0,221,0.8
11.8,11.8,-7.9,24.61,0.0,0,18.4,16.4,192,1022.4,99.6,16.0,56,0.2
10.5,10.5,-6.3,30.15,0.0,0,14.8,9.9,183,1022.8,98.8,16.0,14,0.1
9.2,8.6,-6.4,32.8,0.0,0,14.8,5.6,158,1022.9,90.6,16.0,0,0.0
8.7,7.7,-4.9,37.77,0.0,0,13.0,7.2,160,1023.3,100.0,16.0,0,0.0
8.3,6.2,-5.4,37.66,0.0,0,13.0,12.4,219,1023.4,100.0,16.0,0,0.0
8.6,6.4,-4.8,38.2,0.0,0,16.6,14.0,233,1023.0,100.0,16.0,0,0.0
8.8,5.2,-3.4,41.87,0.0,0,41.6,28.3,231,1023.4,100.0,16.0,0,0.0
6.3,3.0,0.4,66.0,0.0,0,43.4,18.3,220,1024.0,100.0,16.0,0,0.0
5.1,2.6,1.1,75.58,0.0,0,24.1,10.8,183,1023.6,100.0,16.0,0,0.0
4.5,2.2,1.7,81.91,0.0,0,22.3,9.7,199,1023.2,100.0,15.9,0,0.0
4.0,2.5,1.7,84.83,0.0,0,16.6,6.3,165,1022.3,100.0,14.2,0,0.0
4.0,1.5,1.7,85.27,0.0,0,14.8,9.6,150,1021.7,100.0,13.3,0,0.0
4.4,1.8,1.7,82.44,0.0,0,20.5,10.8,147,1021.2,100.0,14.2,0,0.0
4.4,1.4,2.2,85.34,0.0,0,24.1,12.9,142,1020.8,100.0,12.9,4,0.0
5.1,1.8,2.2,81.67,0.0,0,25.9,15.2,151,1020.6,100.0,8.7,22,0.1
5.7,2.6,2.9,81.88,0.0,0,29.5,15.2,152,1020.0,100.0,7.1,48,0.2
5.7,2.8,3.4,85.25,0.0,0,31.3,13.9,160,1019.7,100.0,4.1,54,0.2
6.2,3.0,4.3,87.54,0.0,0,31.3,16.8,188,1019.4,100.0,3.6,67,0.2
6.8,3.3,4.9,88.05,0.0,0,31.3,20.5,181,1018.5,100.0,6.5,105,0.4
7.9,4.5,5.0,81.92,0.0,0,35.5,22.4,191,1017.6,100.0,10.6,115,0.4
8.4,5.6,5.6,82.29,0.0,0,42.5,18.0,200,1017.0,100.0,11.2,130,0.5
8.9,5.6,5.7,80.05,0.0,0,33.5,24.3,219,1016.4,100.0,10.4,69,0.2
8.9,6.8,5.7,80.05,0.0,0,35.3,13.8,193,1015.9,100.0,11.1,56,0.2
9.3,6.9,6.2,80.51,0.0,0,27.7,17.1,191,1015.4,100.0,10.3,49,0.2
8.9,6.5,6.2,82.87,0.0,0,37.1,15.7,200,1015.3,100.0,11.2,14,0.1
8.5,6.6,6.7,88.48,0.005,100,22.3,11.7,199,1015.1,100.0,8.6,2,0.0
8.4,6.5,6.7,89.0,0.005,100,24.1,11.7,188,1015.1,100.0,8.5,0,0.0
8.4,6.0,7.1,91.66,0.929,100,24.1,14.7,180,1014.7,100.0,4.3,0,0.0
8.4,6.5,7.2,92.14,1.167,100,25.9,11.6,192,1014.4,100.0,3.4,0,0.0
8.4,6.1,7.2,92.24,0.604,100,25.9,14.2,198,1013.9,100.0,3.1,0,0.0
8.4,6.2,7.8,95.72,0.4,100,24.1,13.2,200,1013.4,100.0,3.2,0,0.0
8.9,7.0,7.9,93.2,0.132,100,24.1,11.8,200,1012.5,100.0,3.3,0,0.0
8.9,6.8,7.9,93.55,0.0,0,22.3,13.4,191,1011.5,100.0,3.3,0,0.0
9.0,6.9,7.9,93.04,0.0,0,18.4,13.6,200,1010.2,100.0,2.3,0,0.0
9.0,7.4,8.4,95.71,0.0,0,14.8,10.7,211,1010.1,100.0,2.3,0,0.0
9.4,8.7,8.4,93.09,0.0,0,14.8,6.5,211,1009.6,100.0,2.1,0,0.0
9.4,8.8,8.9,96.19,0.01,100,14.8,6.3,201,1008.8,100.0,1.3,0,0.0
9.4,8.8,8.9,96.19,0.787,100,18.4,6.1,247,1009.2,100.0,1.0,3,0.0
9.4,7.4,7.3,87.0,2.513,100,24.1,13.4,349,1010.2,100.0,15.8,35,0.1
8.4,6.1,6.2,85.72,0.455,100,38.9,14.2,349,1011.2,100.0,7.3,88,0.3
8.9,7.0,5.7,80.44,0.017,100,27.7,11.4,352,1011.1,100.0,13.3,101,0.4
8.9,7.2,5.7,80.05,0.0,0,25.9,10.8,339,1011.7,100.0,11.6,138,0.5
8.7,6.0,5.1,78.0,0.0,0,25.9,18.1,348,1012.2,100.0,11.4,120,0.4
8.9,7.4,5.0,76.53,0.0,0,24.1,9.6,331,1012.0,100.0,13.1,169,0.6
8.9,6.9,5.0,76.44,0.0,0,24.1,12.7,322,1012.4,100.0,15.8,135,0.5
8.5,5.5,3.9,72.67,0.0,0,22.3,20.2,330,1013.3,100.0,15.8,95,0.3
7.3,4.5,3.8,78.47,0.0,0,22.3,15.7,340,1013.5,100.0,11.3,119,0.4
7.8,5.6,3.4,73.29,0.0,0,20.5,12.7,324,1014.1,100.0,14.0,149,0.5
7.8,5.6,1.9,66.05,0.0,0,18.4,12.4,324,1014.9,100.0,15.8,95,0.3
6.7,4.9,0.8,66.22,0.0,0,16.6,9.2,334,1015.4,36.4,15.8,18,0.1
6.0,4.3,0.2,66.41,0.0,0,16.6,8.3,338,1016.3,8.4,15.8,0,0.0
4.9,3.8,-0.4,68.18,0.0,0,14.8,5.7,325,1017.1,3.2,15.7,0,0.0
4.8,2.1,-0.8,66.94,0.0,0,14.8,11.6,6,1016.8,2.9,15.4,0,0.0
4.7,1.6,-1.7,63.12,0.0,0,14.8,13.9,10,1016.3,2.9,14.9,0,0.0
3.3,0.8,0.7,82.91,0.0,0,20.5,9.7,94,1017.1,14.4,9.6,0,0.0
2.9,0.9,1.1,88.13,0.0,0,20.5,7.3,126,1017.5,100.0,6.2,0,0.0
2.8,2.8,0.6,85.41,0.0,0,18.4,1.7,25,1017.8,100.0,6.3,0,0.0
2.7,0.5,0.4,84.33,0.0,0,20.5,7.8,108,1017.5,100.0,6.1,0,0.0
2.1,-0.5,-0.3,84.28,0.0,0,22.3,8.8,86,1017.8,87.3,7.4,0,0.0
1.6,-0.1,-1.3,80.88,0.0,0,22.3,5.9,68,1017.7,79.5,11.6,0,0.0
1.1,-2.1,-2.7,75.76,0.0,0,22.3,10.4,39,1018.1,3.2,15.7,0,0.0
0.7,-2.3,-3.2,75.16,0.0,0,22.3,9.3,40,1018.3,3.2,16.0,15,0.1
1.1,-2.7,-3.2,72.5,0.0,0,20.5,13.5,58,1018.5,3.2,16.0,39,0.1
1.7,-2.0,-3.8,67.03,0.0,0,18.4,13.4,58,1019.1,3.2,16.0,264,1.0
2.3,-1.0,-3.4,66.33,0.0,0,18.4,12.1,51,1018.7,3.2,16.0,242,0.9
2.9,-0.5,-3.8,61.44,0.0,0,20.5,13.4,52,1018.4,3.2,16.0,416,1.5
4.4,1.1,-3.8,55.63,0.0,0,20.5,14.4,62,1019.0,3.2,16.0,587,2.1
5.1,2.7,-3.7,53.04,0.0,0,18.4,10.2,81,1018.8,3.2,16.0,517,1.9
6.7,4.5,-3.8,47.21,0.0,0,20.5,11.2,58,1018.0,3.2,16.0,508,1.8
6.7,3.5,-3.9,46.62,0.0,0,29.5,18.4,68,1017.0,3.2,16.0,445,1.6
6.8,3.5,-3.8,46.82,0.0,0,22.3,18.0,68,1016.3,3.2,16.0,345,1.2
6.2,2.8,-4.2,47.41,0.0,0,27.7,18.7,62,1015.9,3.2,16.0,186,0.7
5.5,2.3,-3.3,52.91,0.0,0,25.9,15.7,99,1015.4,3.2,16.0,76,0.3
3.9,0.6,-3.4,58.85,0.0,0,35.3,13.9,89,1014.9,6.3,16.0,12,0.0
3.4,0.1,-2.7,64.52,0.0,0,29.5,12.9,108,1015.5,3.2,16.0,0,0.0
3.3,-0.7,-1.7,69.68,0.0,0,33.5,17.9,80,1014.5,100.0,16.0,0,0.0
3.3,-0.7,-2.1,67.75,0.0,0,34.3,17.4,78,1013.4,100.0,16.0,0,0.0
2.9,-1.6,-1.7,72.27,0.0,0,35.3,19.7,60,1012.1,100.0,16.0,0,0.0
1.8,-2.8,-2.1,75.11,0.0,0,35.3,18.7,79,1010.7,100.0,15.9,0,0.0
1.8,-1.8,-2.1,75.31,0.0,0,44.3,12.8,80,1009.1,100.0,10.8,0,0.0
1.2,-3.0,-1.6,81.23,0.391,100,31.7,15.4,79,1007.2,100.0,8.4,0,0.0
1.2,-4.0,-1.1,84.26,0.623,100,35.3,22.3,87,1004.0,100.0,10.1,0,0.0
1.2,-3.6,-1.1,84.26,0.081,100,46.0,19.3,80,1000.8,100.0,8.3,0,0.0
1.7,-3.4,-0.6,84.44,0.327,100,46.1,22.5,80,998.8,100.0,13.3,0,0.0
1.9,-2.1,0.1,88.16,0.567,100,48.2,14.9,77,997.9,100.0,7.4,0,0.0
2.3,-1.8,1.2,92.17,1.231,100,33.5,16.8,79,995.8,100.0,6.0,3,0.0
3.4,-0.2,1.7,88.64,3.944,100,50.0,15.4,80,994.0,100.0,2.2,19,0.1
3.9,0.9,2.2,88.68,0.274,100,48.2,12.5,113,992.5,100.0,3.4,42,0.2
4.4,3.1,3.8,95.8,0.043,100,38.9,5.9,144,992.5,100.0,5.8,106,0.4
6.8,3.6,5.6,92.19,0.0,0,31.7,17.6,209,991.8,100.0,15.6,149,0.5
8.4,5.2,6.7,89.09,0.0,0,40.7,21.3,220,991.7,100.0,15.8,206,0.7
8.5,4.7,5.7,82.79,0.257,100,58.9,28.7,220,992.2,100.0,7.2,148,0.5
7.4,2.8,3.3,75.3,0.016,100,74.2,35.8,220,992.8,100.0,10.5,254,0.9
5.2,-0.9,0.1,69.76,0.0,0,72.5,48.1,240,994.4,100.0,16.0,110,0.4
4.5,-2.4,-1.2,66.57,0.0,0,85.1,55.7,250,996.4,100.0,16.0,102,0.4
3.5,-3.0,-1.7,68.86,0.0,0,76.9,43.9,250,998.3,100.0,16.0,78,0.3
2.9,-3.5,-2.1,69.51,0.0,0,85.7,41.4,259,1000.7,100.0,16.0,44,0.2
1.9,-4.7,-2.1,74.9,0.0,0,72.9,38.2,251,1003.0,100.0,15.9,6,0.0
1.3,-5.0,-1.7,80.17,0.0,0,62.2,33.4,270,1005.2,100.0,7.4,0,0.0
1.8,-5.0,-1.6,78.14,0.0,0,55.3,40.1,261,1007.1,100.0,16.0,0,0.0
2.3,-3.3,-1.7,74.89,0.0,0,53.1,28.7,260,1008.3,100.0,16.0,0,0.0
2.3,-2.9,-2.1,72.48,0.0,0,49.5,25.1,260,1009.6,100.0,16.0,0,0.0
1.3,-3.4,-2.8,74.24,0.0,0,53.6,19.1,250,1010.3,0.9,16.0,0,0.0
0.8,-4.0,-3.3,74.12,0.0,0,50.0,18.4,240,1011.2,0.0,16.0,0,0.0
0.7,-4.0,-4.2,69.71,0.0,0,42.5,17.8,237,1011.9,0.0,16.0,0,0.0
-0.4,-4.3,-4.2,75.78,0.0,0,40.7,12.0,220,1012.7,0.0,16.0,0,0.0
-1.4,-5.0,-4.8,77.87,0.0,0,35.3,10.2,221,1013.1,0.0,16.0,0,0.0
-1.9,-5.6,-4.8,80.42,0.0,0,31.3,10.1,230,1013.4,0.0,16.0,0,0.0
-1.6,-4.6,-3.9,84.37,0.0,0,27.7,8.0,239,1014.0,0.0,16.0,0,0.0
-2.5,-4.7,-4.8,84.25,0.0,0,25.9,5.6,221,1014.8,0.0,16.0,25,0.1
1.7,-1.3,-2.2,75.45,0.0,0,25.9,9.7,221,1015.9,0.0,16.0,115,0.4
4.9,2.3,-1.7,62.69,0.0,0,25.9,11.0,277,1016.0,0.9,16.0,344,1.2
6.7,4.2,-1.6,55.39,0.0,0,27.7,12.7,239,1016.0,0.9,16.0,512,1.8
8.4,6.8,-1.5,49.53,0.0,0,27.7,9.5,220,1015.8,0.9,16.0,643,2.3
10.6,10.6,-2.2,40.64,0.0,0,27.7,16.5,251,1015.7,1.6,16.0,687,2.5
11.2,11.2,-2.8,37.49,0.0,0,29.6,15.4,270,1015.4,2.9,16.0,763,2.7
12.2,12.2,-2.2,36.7,0.0,0,29.5,17.1,279,1015.4,84.7,16.0,545,2.0
11.7,11.7,-1.6,39.41,0.0,0,34.0,25.5,244,1015.8,99.6,16.0,245,0.9
10.1,10.1,-0.1,48.94,0.0,0,32.1,16.1,273,1016.0,100.0,16.0,223,0.8
10.0,10.0,0.6,51.74,0.0,0,20.5,11.7,320,1016.2,100.0,16.0,222,0.8
9.3,9.3,0.6,54.19,0.0,0,16.6,1.3,359,1015.4,89.0,16.0,91,0.3
7.8,5.9,0.5,59.9,0.0,0,11.2,10.8,21,1014.9,89.0,16.0,14,0.1
7.1,5.6,0.6,63.38,0.0,0,11.2,8.0,59,1014.3,89.0,16.0,0,0.0
7.2,5.4,0.6,62.95,0.0,0,14.8,9.6,353,1014.9,100.0,16.0,0,0.0
6.8,4.5,2.1,72.07,0.0,0,20.5,11.4,336,1015.0,100.0,15.9,0,0.0
5.8,5.8,3.3,83.98,1.214,100,24.1,1.0,346,1015.1,100.0,8.3,0,0.0
5.7,3.6,3.8,87.99,1.898,100,25.9,9.3,24,1013.8,100.0,8.1,0,0.0
6.2,3.2,4.4,88.24,2.619,100,25.9,14.6,93,1013.1,100.0,6.1,0,0.0
6.2,4.2,3.9,84.96,0.172,100,25.9,9.9,71,1012.7,89.0,13.3,0,0.0
5.7,3.7,3.9,88.01,0.0,0,27.7,9.4,20,1012.5,56.0,10.0,0,0.0
6.2,6.2,4.4,88.26,0.0,0,31.3,1.0,14,1012.9,100.0,6.0,0,0.0
6.2,4.1,4.4,87.87,0.0,0,31.3,10.0,343,1013.4,100.0,6.1,0,0.0
5.7,2.8,3.8,87.95,0.0,0,35.3,13.7,37,1013.6,100.0,10.6,0,0.0
4.4,0.8,2.8,89.03,0.0,0,35.3,17.2,20,1014.3,100.0,14.1,6,0.0
3.9,0.1,1.7,85.52,0.0,0,33.5,17.0,12,1014.8,100.0,15.8,16,0.1
3.4,-0.8,0.7,82.59,0.0,0,37.1,19.2,19,1015.6,100.0,15.9,21,0.1
2.9,-1.6,0.7,85.11,0.0,0,31.3,20.2,11,1016.0,100.0,6.5,71,0.3
3.3,-1.0,1.2,85.61,0.033,100,31.3,19.8,9,1016.8,100.0,7.9,121,0.4
3.9,-0.4,1.7,85.68,0.0,0,31.3,20.5,10,1017.2,100.0,6.3,150,0.5
4.4,0.6,1.2,79.68,0.0,0,31.3,17.3,352,1017.5,100.0,15.8,270,1.0
6.2,2.7,1.2,70.73,0.0,0,31.3,18.5,2,1017.6,100.0,16.0,410,1.5
6.8,3.4,0.7,65.24,0.0,0,31.3,18.7,342,1018.4,100.0,16.0,273,1.0
8.2,5.6,0.0,56.47,0.0,0,29.5,15.6,350,1018.5,100.0,16.0,335,1.2
7.9,5.2,-1.5,51.49,0.0,0,29.5,15.6,355,1019.0,98.4,16.0,174,0.6
8.7,6.3,-2.5,45.35,0.0,0,29.5,15.3,355,1019.6,99.6,16.0,102,0.4
6.8,5.3,-3.5,47.94,0.0,0,25.9,7.8,347,1020.5,56.8,16.0,17,0.1
5.2,4.0,-5.0,47.9,0.0,0,24.1,5.8,359,1021.4,14.0,16.0,0,0.0
1.8,1.8,-2.4,74.04,0.0,0,22.3,1.4,27,1022.1,12.8,16.0,0,0.0
-0.2,-0.2,-3.8,76.72,0.0,0,20.5,1.0,23,1022.8,77.9,16.0,0,0.0
0.2,0.2,-2.6,81.4,0.0,0,18.4,0.6,17,1023.0,44.4,15.9,0,0.0
-0.5,-0.5,-2.7,85.23,0.0,0,18.4,0.0,0,1023.0,55.6,15.6,0,0.0
-1.5,-1.5,-3.2,88.47,0.0,0,18.4,1.1,4,1023.2,79.1,15.2,0,0.0
-0.6,-0.6,-2.8,85.46,0.0,0,18.4,0.3,2,1023.1,79.1,15.0,0,0.0
-0.2,-0.2,-2.3,85.72,0.0,0,16.6,1.0,5,1023.2,79.1,15.7,0,0.0
-0.8,-0.8,-3.4,82.29,0.0,0,16.6,0.0,0,1023.4,2.9,15.5,0,0.0
-2.7,-2.7,-4.3,88.96,0.0,0,16.6,0.6,358,1023.7,1.6,8.7,0,0.0
-2.9,-2.9,-5.1,84.76,0.0,0,14.8,0.0,0,1023.9,1.6,10.7,0,0.0
-3.2,-3.2,-4.4,91.71,0.0,0,14.8,0.2,1,1024.0,1.6,7.9,25,0.1
1.0,1.0,-1.7,81.81,0.0,0,13.0,0.2,360,1024.3,1.6,15.6,118,0.4
3.8,1.7,-3.3,59.83,0.0,0,13.0,8.1,49,1024.5,0.9,16.0,353,1.3
5.6,4.7,-3.8,50.94,0.0,0,13.0,5.2,20,1024.5,1.6,16.0,473,1.7
6.2,5.3,-3.3,50.38,0.0,0,13.0,5.6,283,1024.7,2.9,16.0,439,1.6
6.9,5.1,-3.4,47.95,0.0,0,13.0,9.2,277,1024.5,36.8,16.0,518,1.9
8.0,7.2,-3.8,43.06,0.0,0,13.0,5.9,330,1024.3,25.3,16.0,667,2.4
8.9,6.9,-3.9,40.28,0.0,0,14.8,12.6,291,1023.6,26.9,16.0,592,2.1
10.0,10.0,-5.6,32.99,0.0,0,14.8,12.8,337,1022.9,6.3,16.0,666,2.4
9.4,8.0,-5.7,34.17,0.0,0,16.6,9.3,268,1022.7,29.9,16.0,433,1.6
9.5,8.2,-5.7,33.87,0.0,0,16.6,8.8,288,1022.6,55.6,16.0,257,0.9
9.0,7.0,-5.8,34.77,0.0,0,16.6,12.7,301,1022.5,37.7,16.0,126,0.5
6.4,4.0,-4.5,45.61,0.0,0,16.6,11.6,263,1022.8,11.5,16.0,16,0.1
5.1,3.3,-4.5,50.21,0.0,0,18.4,7.8,248,1022.8,25.3,16.0,0,0.0
3.0,1.3,-4.3,58.45,0.0,0,22.3,6.3,229,1022.8,0.9,16.0,0,0.0
2.3,-0.5,-3.8,63.74,0.0,0,24.1,9.8,237,1022.7,0.9,16.0,0,0.0
-0.9,-3.9,-4.9,74.46,0.0,0,20.5,8.5,233,1022.5,0.9,16.0,0,0.0
-0.7,-0.7,-3.9,78.83,0.0,0,18.4,1.5,327,1021.8,1.6,16.0,0,0.0
-1.7,-4.7,-4.3,81.96,0.0,0,14.8,8.2,245,1021.7,1.6,16.0,0,0.0
-0.8,-3.8,-4.3,77.15,0.0,0,16.6,8.5,219,1021.3,4.7,16.0,0,0.0
-0.4,-3.8,-4.9,71.75,0.0,0,18.4,10.3,228,1020.9,2.9,16.0,0,0.0
-0.8,-3.9,-4.8,74.05,0.0,0,24.1,8.7,229,1020.7,2.9,16.0,0,0.0
-0.8,-3.8,-4.8,74.45,0.0,0,27.7,8.3,211,1020.4,3.2,16.0,0,0.0
-0.8,-3.3,-3.8,80.3,0.0,0,29.5,7.0,203,1020.4,3.2,16.0,0,0.0
0.7,-3.2,-3.3,74.45,0.0,0,33.5,13.7,193,1020.0,3.2,15.9,19,0.1
1.3,-2.7,-2.8,73.74,0.0,0,40.7,14.6,201,1020.0,3.2,15.9,100,0.4
3.4,-1.1,-2.8,63.83,0.0,0,50.0,21.2,211,1019.1,3.2,15.9,163,0.6
5.0,1.0,-2.8,57.08,0.0,0,50.0,21.4,212,1018.5,36.8,16.0,230,0.8
7.2,2.7,-3.7,45.81,0.0,0,56.3,33.1,257,1018.5,100.0,16.0,210,0.8
5.3,-0.4,-0.8,64.89,0.0,0,63.6,41.6,269,1019.1,100.0,11.6,254,0.9
2.3,-3.4,-0.1,84.19,0.29,100,51.7,28.7,282,1020.1,100.0,5.5,251,0.9
1.8,-3.8,-1.1,81.46,0.0,0,47.9,26.9,300,1021.0,100.0,3.5,382,1.4
3.9,-1.0,-3.8,57.32,0.01,100,48.3,26.7,301,1021.3,56.0,16.0,586,2.1
4.0,-1.4,-8.8,38.88,0.0,0,49.7,30.9,306,1021.5,25.3,16.0,486,1.7
3.9,-1.0,-8.9,38.77,0.0,0,41.0,26.0,300,1022.0,4.7,16.0,339,1.2
2.4,-2.7,-11.5,35.02,0.0,0,37.1,24.2,283,1023.0,0.9,16.0,150,0.5
0.7,-4.1,-12.6,36.05,0.0,0,31.7,18.7,299,1023.7,0.9,16.0,18,0.1
0.0,-4.3,-12.1,39.77,0.0,0,18.4,14.8,299,1024.4,0.9,16.0,0,0.0
-1.2,-4.1,-12.5,41.77,0.0,0,27.7,7.9,302,1025.3,0.9,16.0,0,0.0
-2.8,-6.6,-12.1,48.94,0.0,0,22.3,9.7,292,1026.1,0.9,16.0,0,0.0
-2.8,-6.4,-10.8,54.13,0.0,0,22.3,9.4,303,1026.6,0.9,16.0,0,0.0
-3.3,-6.3,-10.8,56.04,0.0,0,20.5,7.4,323,1026.8,1.6,16.0,0,0.0
-3.3,-5.8,-11.3,54.18,0.0,0,18.4,5.8,341,1027.2,1.6,16.0,0,0.0
-4.3,-6.8,-11.3,58.02,0.0,0,14.8,5.7,324,1027.5,1.6,16.0,0,0.0
-6.9,-6.9,-10.9,73.11,0.0,0,7.6,0.0,0,1027.9,1.6,16.0,0,0.0
-6.9,-6.9,-11.3,70.97,0.0,0,7.6,0.0,0,1028.0,0.9,16.0,0,0.0
-7.6,-7.6,-10.7,78.33,0.0,0,7.6,0.0,0,1028.1,0.9,16.0,0,0.0
-8.1,-8.1,-10.8,81.09,0.0,0,9.4,0.0,0,1028.5,0.9,16.0,0,0.0
-8.0,-8.0,-10.2,84.26,0.0,0,9.4,0.0,0,1029.1,0.9,16.0,28,0.1
-3.3,-6.3,-8.9,65.12,0.0,0,13.0,7.3,86,1029.1,0.0,16.0,148,0.5
-1.1,-5.0,-9.4,53.18,0.0,0,14.8,11.3,145,1029.2,0.9,16.0,364,1.3
1.1,-2.7,-7.9,51.15,0.0,0,18.4,13.3,153,1028.6,0.9,16.0,561,2.0
2.2,-1.5,-7.2,49.97,0.0,0,25.9,14.1,160,1028.3,0.9,16.0,707,2.5
3.4,0.7,-8.1,42.87,0.0,0,20.5,10.0,198,1027.7,0.9,16.0,804,2.9
5.0,1.3,-8.1,38.3,0.0,0,29.5,17.5,186,1027.1,0.9,16.0,822,3.0
6.2,3.3,-7.2,37.77,0.0,0,28.1,14.1,199,1025.7,1.6,16.0,787,2.8
7.2,4.1,-8.2,32.72,0.0,0,31.7,17.3,218,1024.6,1.6,16.0,676,2.4
7.8,4.9,-7.4,33.28,0.0,0,35.3,16.7,214,1024.1,50.0,16.0,405,1.5
8.2,5.3,-6.8,33.8,0.0,0,22.3,18.5,195,1023.4,45.7,16.0,308,1.1
6.6,4.0,-4.9,43.57,0.0,0,18.4,13.3,141,1023.3,26.5,16.0,92,0.3
4.9,2.3,-3.8,53.13,0.0,0,16.6,11.3,149,1023.4,100.0,16.0,13,0.0
3.8,2.4,-2.8,61.94,0.033,100,18.4,5.8,103,1023.0,100.0,15.5,0,0.0
3.3,0.2,-2.6,65.11,0.01,100,20.5,12.2,108,1022.4,100.0,16.0,0,0.0
2.9,-0.5,-2.1,69.94,0.0,0,22.3,12.9,103,1021.1,3.2,16.0,0,0.0
2.9,0.6,-1.7,71.97,0.0,0,24.1,8.0,121,1020.6,98.8,16.0,0,0.0
2.3,-0.9,-1.6,75.28,0.0,0,25.9,11.6,120,1018.7,98.8,16.0,0,0.0
2.9,1.5,-1.2,74.58,0.0,0,27.7,5.5,74,1017.7,100.0,16.0,0,0.0
4.2,2.4,-0.7,70.22,0.0,0,31.3,7.6,112,1016.2,100.0,16.0,0,0.0
3.9,-0.2,-0.1,75.38,0.29,100,35.3,19.2,23,1016.2,100.0,16.0,0,0.0
3.8,-0.2,0.0,76.39,0.511,100,38.9,17.9,76,1015.8,100.0,14.0,0,0.0
3.4,-0.3,0.6,82.06,0.311,100,42.5,15.5,81,1014.7,100.0,15.6,0,0.0
3.4,-0.6,1.1,84.63,1.235,100,44.3,18.0,110,1013.9,100.0,11.4,0,0.0
3.8,0.3,1.7,85.95,0.338,100,29.5,15.6,111,1012.2,100.0,12.9,6,0.0
4.5,0.9,2.2,84.92,0.257,100,35.3,16.9,130,1011.3,100.0,11.2,16,0.1
5.1,3.7,3.3,88.09,1.304,100,38.9,6.5,136,1010.4,100.0,4.2,8,0.0
6.1,4.1,4.3,88.24,3.814,100,44.3,9.4,139,1009.5,100.0,2.1,41,0.1
7.8,5.7,6.2,89.55,2.024,100,46.4,11.5,179,1008.5,100.0,4.8,99,0.4
10.1,10.1,8.4,89.14,0.018,100,33.5,20.8,190,1007.4,100.0,8.3,150,0.5
10.8,10.8,8.9,87.84,0.0,0,51.8,21.6,199,1006.2,100.0,10.7,215,0.8
11.9,11.9,9.4,84.86,0.0,0,39.3,21.9,201,1005.5,100.0,11.6,189,0.7
12.9,12.9,10.6,86.08,0.0,0,48.9,18.6,191,1004.4,100.0,15.9,173,0.6
13.0,13.0,10.6,85.61,0.0,0,47.9,15.8,192,1003.8,100.0,14.2,62,0.2
13.4,13.4,10.7,83.5,0.0,0,44.3,17.3,191,1003.3,100.0,14.2,47,0.2
13.4,13.4,11.1,85.82,0.0,0,42.5,16.1,191,1003.0,100.0,14.1,24,0.1
13.4,13.4,11.1,85.82,0.0,0,40.7,12.3,180,1002.1,100.0,15.9,4,0.0
13.4,13.4,11.1,85.82,0.481,100,27.7,16.6,180,1001.7,100.0,10.8,0,0.0
12.9,12.9,11.7,92.36,3.145,100,48.2,14.1,150,999.4,100.0,3.6,0,0.0
13.3,13.3,11.6,89.48,0.347,100,35.3,20.8,160,996.6,100.0,6.4,0,0.0
13.7,13.7,12.0,89.51,1.109,100,31.7,16.4,186,994.9,100.0,10.7,0,0.0
14.4,14.4,12.9,90.27,3.538,100,51.5,29.0,192,992.8,100.0,7.8,0,0.0
13.9,13.9,10.7,80.63,1.666,100,62.9,23.5,232,994.8,100.0,15.9,0,0.0
12.9,12.9,8.4,74.2,0.0,0,38.9,22.2,219,993.8,56.0,16.0,0,0.0
12.2,12.2,6.2,66.89,0.0,0,48.2,31.2,239,993.6,2.9,16.0,0,0.0
11.2,11.2,3.6,59.5,0.0,0,46.6,30.5,249,994.4,0.9,16.0,0,0.0
9.5,6.5,2.2,60.36,0.0,0,39.4,23.1,231,994.7,0.0,16.0,0,0.0
8.4,6.5,1.4,61.03,0.0,0,38.9,11.9,219,995.0,0.0,16.0,0,0.0
8.4,6.6,1.3,61.1,0.0,0,35.3,11.0,220,995.0,1.6,16.0,39,0.1
10.0,10.0,4.0,66.26,0.0,0,38.9,7.7,183,993.7,5.9,16.0,146,0.5
9.6,9.6,3.4,65.4,0.0,0,40.7,1.0,40,991.7,100.0,16.0,88,0.3
7.8,5.7,3.8,75.67,2.472,100,44.3,11.9,318,992.2,100.0,9.1,50,0.2
5.7,2.1,2.9,82.22,2.698,100,42.5,19.4,294,994.8,100.0,5.0,81,0.3
3.5,-2.4,0.1,78.63,0.285,100,56.7,35.7,270,997.0,100.0,15.8,224,0.8
5.0,-0.7,0.0,70.29,0.335,100,62.2,40.6,270,998.5,100.0,16.0,257,0.9
5.1,-0.3,-0.6,66.52,0.0,0,64.7,35.9,280,1000.0,100.0,16.0,197,0.7
4.0,-1.1,-0.6,71.63,0.0,0,53.5,28.7,271,1001.8,100.0,16.0,227,0.8
5.1,0.5,-0.6,66.52,0.0,0,44.4,26.6,279,1003.5,100.0,16.0,92,0.3
4.5,-0.3,-0.6,69.51,0.0,0,38.9,26.2,282,1005.7,100.0,16.0,53,0.2
3.9,0.3,0.0,75.6,0.0,0,46.4,16.3,291,1007.9,100.0,15.8,22,0.1
2.3,-2.5,-1.2,77.78,0.3,100,41.3,21.2,351,1010.4,100.0,13.4,13,0.0
1.8,-3.4,-2.2,74.82,0.0,0,33.5,23.2,350,1012.4,100.0,16.0,0,0.0
1.8,-1.9,-2.8,71.76,0.0,0,40.7,13.4,332,1014.6,100.0,16.0,0,0.0
1.2,-3.6,-3.5,71.0,0.0,0,35.3,18.8,360,1016.0,98.8,16.0,0,0.0
0.6,-2.0,-4.5,68.7,0.0,0,35.3,7.7,339,1017.4,4.0,16.0,0,0.0
-1.1,-3.2,-5.0,74.9,0.0,0,33.5,5.9,290,1018.6,0.9,16.0,0,0.0
-2.5,-2.5,-4.4,86.95,0.0,0,29.5,1.3,339,1019.0,0.9,16.0,0,0.0
-1.2,-5.4,-4.4,78.76,0.0,0,25.9,12.8,320,1019.4,43.7,16.0,0,0.0
-1.6,-4.6,-5.0,77.94,0.0,0,20.5,7.8,330,1019.8,0.9,16.0,0,0.0
-2.1,-4.2,-5.0,80.87,0.0,0,16.6,5.5,320,1019.8,0.9,16.0,0,0.0
-3.1,-3.1,-5.0,86.64,0.0,0,13.0,0.0,0,1020.2,0.0,16.0,0,0.0
-4.2,-4.2,-5.7,89.14,0.0,0,11.2,0.6,348,1020.7,0.0,16.0,0,0.0
-3.6,-3.6,-5.0,90.1,0.0,0,7.6,0.0,0,1021.3,0.9,16.0,30,0.1
-0.5,-0.5,-3.8,78.4,0.0,0,9.4,0.0,0,1021.8,0.9,16.0,143,0.5
0.7,-1.7,-4.4,68.55,0.0,0,13.0,7.3,138,1021.9,0.9,16.0,388,1.4
2.2,-1.4,-3.9,63.86,0.0,0,14.8,13.7,170,1021.5,43.7,16.0,528,1.9
3.3,-0.4,-3.3,61.73,0.0,0,16.6,15.7,148,1021.1,48.7,16.0,736,2.6
3.9,0.9,-2.8,61.64,0.0,0,20.5,12.6,179,1020.4,26.5,16.0,808,2.9
5.7,3.1,-1.7,59.4,0.0,0,22.3,11.6,157,1019.3,29.6,16.0,847,3.0
6.7,3.7,-1.6,55.55,0.0,0,24.1,16.2,202,1018.4,29.6,16.0,784,2.8
7.7,4.3,-0.7,55.28,0.0,0,31.7,21.7,168,1017.0,29.6,16.0,610,2.2
7.7,4.6,-0.1,57.66,0.0,0,33.1,19.7,170,1016.8,84.7,16.0,494,1.8
7.7,4.5,-0.1,57.59,0.0,0,31.7,20.6,143,1016.0,48.7,16.0,285,1.0
6.6,3.4,-0.7,59.79,0.0,0,33.5,17.2,149,1015.2,2.9,16.0,128,0.5
4.3,0.4,-0.7,69.6,0.0,0,29.5,18.7,150,1014.6,2.9,16.0,27,0.1
3.3,-0.8,-0.7,74.58,0.0,0,31.3,18.2,150,1014.2,2.9,16.0,0,0.0
3.4,0.3,-0.7,74.89,0.0,0,33.5,11.9,131,1013.9,88.5,16.0,0,0.0
3.4,0.7,0.0,78.19,0.0,0,35.3,10.4,159,1013.8,89.4,16.0,0,0.0
2.3,0.0,-0.6,81.37,0.0,0,40.7,8.1,178,1013.2,1.6,16.0,0,0.0
3.3,0.0,-0.6,75.5,0.0,0,44.3,13.0,160,1011.8,0.9,16.0,0,0.0
3.0,-0.2,-0.6,77.21,0.0,0,48.2,12.0,170,1010.7,0.0,16.0,0,0.0
3.0,-0.5,-0.6,77.21,0.0,0,48.2,13.6,190,1010.5,0.9,16.0,0,0.0
2.9,-0.8,-0.6,77.82,0.0,0,48.2,14.6,190,1009.9,1.6,16.0,0,0.0
2.3,-1.1,-0.6,81.39,0.0,0,44.3,12.4,190,1009.7,1.6,16.0,0,0.0
2.2,-0.5,-0.7,81.44,0.0,0,38.9,9.2,200,1009.3,0.9,16.0,0,0.0
2.3,0.6,-0.6,81.14,0.0,0,33.5,6.1,212,1009.7,2.9,16.0,0,0.0
1.5,-1.0,-0.5,86.19,0.0,0,29.5,8.4,203,1010.6,2.9,16.0,24,0.1
5.7,2.9,1.6,75.21,0.0,0,29.5,13.0,230,1011.4,2.9,16.0,156,0.6
10.6,10.6,3.3,60.48,0.0,0,29.5,13.4,240,1010.7,1.6,16.0,379,1.4
13.3,13.3,3.5,51.4,0.0,0,29.5,11.7,229,1010.2,1.6,16.0,543,2.0
15.0,15.0,1.1,38.93,0.0,0,29.5,8.0,226,1010.1,1.6,16.0,687,2.5
17.8,17.8,-0.2,29.6,0.0,0,29.5,12.8,297,1009.9,29.6,16.0,703,2.5
16.2,16.2,0.5,34.45,0.0,0,22.3,9.0,229,1010.0,100.0,16.0,175,0.6
15.0,15.0,2.0,41.27,0.0,0,31.7,18.5,244,1011.7,100.0,16.0,125,0.5
13.8,13.8,5.0,55.17,0.0,0,29.5,16.8,309,1011.8,89.4,16.0,293,1.1
13.4,13.4,5.0,56.78,0.033,100,18.4,11.2,349,1010.9,99.6,16.0,117,0.4
11.3,11.3,6.1,70.06,0.0,0,36.0,16.9,340,1012.5,100.0,16.0,39,0.1
10.1,10.1,6.2,76.59,0.0,0,20.5,9.0,346,1011.7,100.0,16.0,19,0.1
10.0,10.0,6.2,76.96,0.0,0,20.5,5.6,26,1011.6,100.0,16.0,6,0.0
9.4,8.0,6.2,80.12,0.0,0,20.5,9.6,22,1011.4,100.0,16.0,0,0.0
9.4,8.4,6.7,83.48,0.0,0,13.0,7.7,36,1011.4,100.0,16.0,0,0.0
8.9,7.0,6.8,86.83,2.173,100,18.4,11.4,60,1011.1,100.0,15.6,0,0.0
8.4,6.0,6.2,86.18,2.826,100,20.5,14.8,38,1011.5,100.0,8.1,0,0.0
7.9,5.6,5.7,85.76,0.037,100,20.5,13.7,39,1011.8,100.0,15.9,0,0.0
7.8,5.5,5.7,86.08,0.0,0,22.3,13.2,42,1012.2,100.0,16.0,0,0.0
7.8,6.2,5.7,86.08,0.29,100,24.1,9.6,65,1012.2,100.0,16.0,0,0.0
7.8,5.9,5.7,86.08,0.0,0,27.7,11.2,78,1012.0,100.0,15.9,0,0.0
7.3,4.4,6.1,92.11,0.0,0,29.5,16.2,47,1012.6,100.0,11.7,0,0.0
7.3,4.9,5.7,89.77,0.0,0,29.5,12.8,57,1013.2,100.0,13.7,0,0.0
7.3,5.5,5.7,89.42,0.0,0,29.5,9.6,67,1013.3,100.0,9.9,0,0.0
7.3,5.7,6.2,92.57,0.0,0,27.7,8.5,41,1014.1,100.0,5.1,5,0.0
7.3,5.0,6.2,92.52,2.127,100,29.5,12.5,77,1014.0,100.0,3.2,27,0.1
8.3,7.5,6.7,89.44,1.249,100,31.3,6.3,88,1014.5,100.0,5.1,104,0.4
8.9,7.4,7.2,89.04,0.0,0,31.3,9.7,79,1014.5,100.0,6.4,195,0.7
10.0,10.0,7.8,86.48,0.0,0,29.5,14.4,70,1014.7,100.0,8.9,261,0.9
11.7,11.7,8.4,80.02,0.0,0,29.5,18.0,88,1014.0,99.6,15.9,450,1.6
12.4,12.4,8.4,76.88,0.0,0,27.7,16.3,80,1014.2,100.0,16.0,307,1.1
13.9,13.9,8.4,69.55,0.0,0,40.7,22.6,89,1013.9,100.0,16.0,448,1.6
13.3,13.3,8.4,71.88,0.0,0,31.7,20.3,72,1013.6,100.0,16.0,269,1.0
13.4,13.4,8.4,71.82,0.0,0,35.3,21.4,69,1013.5,100.0,15.9,213,0.8
12.9,12.9,8.3,74.11,0.0,0,31.7,20.0,63,1013.7,100.0,15.9,57,0.2
12.2,12.2,8.3,77.35,0.0,0,29.5,15.5,70,1013.8,100.0,15.9,23,0.1
11.8,11.8,8.3,79.34,0.0,0,35.2,22.3,80,1013.2,100.0,16.0,8,0.0
11.6,11.6,7.8,77.75,0.0,0,45.2,29.0,90,1012.9,100.0,15.9,0,0.0
10.6,10.6,7.2,79.22,0.0,0,48.1,25.4,100,1012.9,100.0,16.0,0,0.0
10.6,10.6,6.7,76.64,0.0,0,37.3,19.2,110,1012.3,100.0,16.0,0,0.0
10.6,10.6,7.1,78.83,0.0,0,29.5,20.0,99,1011.2,100.0,16.0,0,0.0
10.6,10.6,7.1,78.94,0.0,0,35.3,11.9,90,1010.7,98.8,16.0,0,0.0
10.5,10.5,7.1,79.34,0.0,0,33.5,9.6,90,1009.9,90.6,16.0,0,0.0
10.0,8.7,6.6,79.7,0.0,0,33.5,9.5,80,1008.7,89.4,16.0,0,0.0
9.9,9.0,6.6,80.0,0.0,0,33.5,7.5,76,1007.5,29.9,16.0,0,0.0
11.0,11.0,8.1,82.58,0.0,0,33.5,12.9,131,1006.2,51.6,15.9,0,0.0
11.2,11.2,8.8,85.41,0.0,0,33.5,0.3,11,1006.5,3.2,14.2,0,0.0
13.9,13.9,11.2,83.75,0.0,0,35.3,10.1,160,1005.6,3.2,14.2,2,0.0
15.7,15.7,12.8,83.03,0.0,0,37.1,13.4,199,1005.6,51.6,13.3,29,0.1
15.9,15.9,13.0,83.11,0.0,0,46.4,18.2,190,1005.9,82.5,10.8,46,0.2
20.1,20.1,16.1,77.9,0.257,100,57.2,18.8,197,1004.8,89.4,15.9,98,0.4
22.3,22.3,16.7,70.19,0.01,100,44.1,27.0,200,1005.1,3.2,16.0,170,0.6
23.4,23.4,16.1,63.76,0.0,0,54.1,37.8,210,1005.3,89.4,16.0,248,0.9
24.0,24.0,15.7,59.67,0.0,0,58.0,36.8,220,1006.1,89.0,16.0,303,1.1
20.0,20.0,13.4,65.69,0.0,0,54.0,15.7,235,1006.9,57.2,15.9,288,1.0
18.3,18.3,14.4,78.07,1.92,100,59.4,20.6,218,1007.9,100.0,5.6,57,0.2
18.4,18.4,15.7,84.46,0.163,100,63.0,13.3,147,1005.6,90.6,15.9,144,0.5
18.4,18.4,15.8,84.85,0.033,100,64.8,14.8,193,1006.9,57.2,15.9,137,0.5
18.4,18.4,14.3,77.32,0.0,0,39.2,23.6,173,1006.8,49.1,16.0,86,0.3
17.9,17.9,14.4,79.82,0.0,0,49.3,20.3,201,1008.1,100.0,16.0,35,0.1
17.9,17.9,13.4,74.78,0.0,0,53.6,23.6,202,1008.8,49.1,16.0,13,0.0
16.1,16.1,11.2,72.69,0.0,0,54.4,34.5,267,1010.9,79.0,16.0,0,0.0
13.6,13.6,5.3,57.04,0.0,0,54.6,21.2,260,1012.6,36.8,16.0,0,0.0
11.4,11.4,3.4,57.89,0.0,0,43.4,26.6,251,1014.1,2.9,16.0,0,0.0
9.1,5.6,2.8,64.71,0.0,0,44.7,26.1,251,1015.8,2.9,16.0,0,0.0
7.4,3.5,1.2,65.08,0.0,0,42.3,25.9,260,1017.0,2.9,16.0,0,0.0
6.3,2.0,0.1,64.48,0.0,0,47.2,27.7,260,1017.5,2.9,16.0,0,0.0
5.2,0.6,-0.5,66.56,0.0,0,44.7,27.0,270,1018.0,2.9,16.0,0,0.0
4.1,-0.2,-0.6,71.27,0.0,0,35.5,21.1,270,1018.7,3.2,16.0,0,0.0
3.5,-0.9,-1.6,69.12,0.0,0,38.9,20.9,270,1019.4,3.2,16.0,0,0.0
3.0,-1.7,-2.1,68.96,0.0,0,35.3,22.4,269,1020.4,3.2,16.0,0,0.0
2.4,-1.2,-2.7,69.19,0.0,0,33.5,13.7,259,1021.7,3.2,16.0,2,0.0
2.4,-1.5,-3.2,66.66,0.0,0,29.5,15.2,231,1023.0,3.2,16.0,31,0.1
3.4,-0.1,-2.8,63.51,0.0,0,31.3,14.8,240,1024.0,3.2,16.0,128,0.5
4.4,-0.1,-2.9,59.39,0.0,0,29.5,23.8,276,1024.3,2.9,16.0,221,0.8
6.1,2.4,-2.8,52.77,0.0,0,31.3,20.3,268,1024.7,2.9,16.0,355,1.3
6.8,3.3,-2.8,50.57,0.0,0,33.5,20.4,250,1025.5,3.2,16.0,499,1.8
8.8,5.6,-2.2,45.93,0.0,0,33.5,22.4,240,1025.4,3.2,16.0,518,1.9
10.0,10.0,-2.2,42.34,0.0,0,40.7,26.1,267,1026.0,3.2,16.0,723,2.6
10.1,10.1,-2.9,39.92,0.0,0,39.0,23.0,259,1026.1,2.9,16.0,543,2.0
9.5,6.6,-3.8,39.03,0.0,0,43.9,21.6,250,1026.4,2.9,16.0,609,2.2
10.7,10.7,-3.8,35.85,0.0,0,44.2,23.1,259,1026.0,2.9,16.0,350,1.3
10.1,10.1,-6.1,31.56,0.0,0,37.5,24.9,262,1026.5,2.9,16.0,264,1.0
9.0,6.2,-5.3,35.97,0.0,0,35.3,19.3,269,1027.2,2.9,16.0,132,0.5
7.4,4.1,-6.6,36.39,0.0,0,29.5,19.9,268,1028.0,2.9,16.0,34,0.1
4.3,1.2,-6.2,46.48,0.0,0,27.7,13.0,243,1028.8,2.9,16.0,0,0.0
3.3,0.2,-5.7,51.78,0.0,0,22.3,12.2,240,1029.4,1.6,16.0,0,0.0
2.6,-0.9,-5.7,54.41,0.0,0,22.3,13.5,251,1029.8,1.6,16.0,0,0.0
1.5,-1.0,-4.5,64.1,0.0,0,22.3,8.3,224,1029.9,1.6,16.0,0,0.0
0.9,-1.7,-4.5,66.89,0.0,0,22.3,8.1,222,1030.1,1.6,16.0,0,0.0
-0.2,-2.3,-4.5,72.78,0.0,0,22.3,6.1,242,1030.5,1.6,16.0,0,0.0
-0.6,-0.6,-4.5,74.97,0.0,0,22.3,1.3,329,1030.9,0.9,16.0,0,0.0
-2.3,-5.4,-5.1,81.03,0.0,0,22.3,8.0,263,1031.6,1.6,16.0,0,0.0
1.7,-1.1,-5.6,58.52,0.0,0,24.1,9.2,326,1032.4,1.6,16.0,0,0.0
1.0,-1.5,-6.1,58.85,0.0,0,22.3,8.0,330,1032.8,1.6,16.0,0,0.0
0.6,-1.2,-6.1,60.7,0.0,0,20.5,5.7,330,1033.4,2.9,16.0,5,0.0
1.1,-2.2,-5.6,60.69,0.0,0,22.3,11.0,350,1034.2,1.6,16.0,57,0.2
2.3,-1.2,-5.5,56.49,0.0,0,20.5,13.1,29,1035.1,0.9,16.0,211,0.8
3.4,-0.2,-5.6,51.78,0.0,0,18.4,14.8,42,1035.5,0.9,16.0,426,1.5
5.0,2.2,-6.6,42.68,0.0,0,18.4,12.8,1,1035.1,1.6,16.0,613,2.2
6.1,3.2,-6.2,41.02,0.0,0,18.4,14.4,57,1035.4,1.6,16.0,762,2.7
6.8,4.2,-6.3,38.88,0.0,0,16.6,13.2,340,1035.5,1.6,16.0,839,3.0
8.4,6.3,-7.2,32.51,0.0,0,27.7,12.2,331,1035.0,1.6,16.0,854,3.1
8.9,7.2,-7.7,29.99,0.0,0,18.4,11.3,320,1034.1,1.6,16.0,811,2.9
10.0,10.0,-6.7,30.09,0.0,0,16.6,7.9,301,1033.1,1.6,16.0,716,2.6
10.1,10.1,-8.3,26.59,0.0,0,14.8,14.0,357,1032.4,1.6,16.0,542,2.0
10.0,10.0,-9.1,25.04,0.0,0,31.7,11.8,313,1032.0,1.6,16.0,321,1.2
9.4,8.0,-9.0,26.34,0.0,0,13.0,9.3,324,1032.3,1.6,16.0,115,0.4
7.0,4.9,-8.5,32.26,0.0,0,13.0,11.0,36,1032.5,11.2,16.0,40,0.1
3.8,1.3,-3.7,57.78,0.0,0,16.6,9.9,114,1033.2,0.9,16.0,0,0.0
2.9,0.3,-3.2,64.57,0.0,0,20.5,9.1,112,1033.8,0.9,16.0,0,0.0
2.2,0.6,-2.8,69.42,0.0,0,24.1,5.8,94,1033.9,0.9,16.0,0,0.0
2.1,0.7,-2.9,69.51,0.0,0,22.3,5.5,91,1033.9,0.9,16.0,0,0.0
1.5,1.5,-2.9,72.64,0.0,0,22.3,1.0,22,1033.9,0.9,16.0,0,0.0
1.2,-0.4,-3.3,72.19,0.0,0,20.5,5.4,93,1034.0,0.0,16.0,0,0.0
0.1,0.1,-3.3,77.55,0.0,0,20.5,0.8,17,1033.8,0.0,16.0,0,0.0
-0.6,-0.6,-3.8,78.81,0.0,0,20.5,0.2,4,1033.5,0.9,16.0,0,0.0
-0.2,-1.7,-3.4,79.01,0.0,0,20.5,4.9,85,1033.1,0.9,16.0,0,0.0
-1.2,-2.8,-3.8,82.1,0.0,0,20.5,4.9,85,1033.3,0.9,16.0,0,0.0
-1.2,-1.2,-3.8,82.2,0.0,0,22.3,0.3,6,1033.9,0.9,16.0,3,0.0
-0.7,-3.3,-2.9,84.84,0.0,0,22.3,7.3,97,1034.3,1.6,16.0,45,0.2
2.2,-0.5,-1.7,75.19,0.0,0,24.1,9.4,126,1034.5,2.9,16.0,173,0.6
3.9,0.5,-1.2,69.43,0.0,0,20.5,14.8,159,1034.2,2.9,16.0,370,1.3
6.1,2.2,-1.6,57.73,0.0,0,20.5,22.1,140,1033.6,2.9,16.0,551,2.0
7.2,4.1,-1.1,55.68,0.0,0,29.5,18.1,122,1033.4,1.6,16.0,715,2.6
7.8,5.3,-1.2,52.93,0.0,0,35.3,14.9,135,1032.7,0.9,16.0,807,2.9
8.8,6.6,-0.8,50.62,0.0,0,25.9,14.6,155,1032.2,0.9,16.0,831,3.0
9.3,7.4,-2.3,44.11,0.0,0,16.6,13.0,147,1031.5,0.9,16.0,772,2.8
10.0,8.4,-2.9,40.45,0.0,0,27.7,11.5,147,1031.3,1.6,16.0,664,2.4
10.5,10.5,-2.3,40.83,0.0,0,14.8,11.4,140,1030.6,1.6,16.0,566,2.0
10.0,10.0,-3.8,37.57,0.0,0,14.8,11.8,154,1030.5,4.7,16.0,352,1.3
8.9,7.4,-6.3,33.47,0.0,0,14.8,9.7,141,1030.4,1.6,16.0,148,0.5
7.9,6.0,-5.0,39.7,0.0,0,16.6,11.2,121,1030.3,1.6,16.0,33,0.1
6.2,4.6,-4.4,46.59,0.0,0,16.6,7.7,128,1030.3,0.9,16.0,2,0.0
4.5,4.5,-4.7,51.24,0.0,0,16.6,1.0,25,1030.7,0.9,16.0,0,0.0
4.4,4.4,-5.9,47.05,0.0,0,16.6,0.8,32,1030.9,0.9,16.0,0,0.0
3.0,3.0,-5.8,52.44,0.0,0,16.6,0.8,33,1031.0,0.9,16.0,0,0.0
0.9,0.9,-5.0,64.47,0.0,0,14.8,0.6,23,1031.1,0.9,16.0,0,0.0
-0.7,-0.7,-5.0,72.88,0.0,0,13.0,0.0,0,1031.3,0.0,16.0,0,0.0
-0.8,-0.8,-4.4,76.47,0.0,0,11.2,0.0,0,1031.3,0.0,16.0,0,0.0
-1.0,-1.0,-5.1,73.92,0.0,0,7.6,0.0,0,1031.6,0.0,16.0,0,0.0
-1.4,-1.4,-4.0,82.99,0.0,0,5.4,0.0,0,1032.0,0.0,16.0,0,0.0
-1.9,-1.9,-5.0,79.43,0.0,0,5.4,0.8,12,1032.4,0.0,16.0,0,0.0
-1.5,-1.5,-4.0,82.97,0.0,0,5.4,0.0,0,1033.0,0.0,16.0,2,0.0
-1.4,-1.4,-3.9,83.14,0.0,0,5.4,4.8,28,1033.5,0.0,16.0,42,0.2
4.3,3.1,-2.2,62.4,0.0,0,5.4,5.5,77,1033.9,0.0,16.0,177,0.6
7.8,7.1,-3.4,44.98,0.0,0,11.2,5.5,112,1034.0,0.0,16.0,404,1.5
10.9,10.9,-4.4,33.77,0.0,0,14.8,9.2,156,1034.1,0.0,16.0,599,2.2
12.1,12.1,-3.2,34.32,0.0,0,18.4,11.6,139,1033.8,0.0,16.0,736,2.6
12.9,12.9,-1.8,36.11,0.0,0,18.4,12.2,151,1033.6,0.0,16.0,815,2.9
13.8,13.8,-1.0,36.05,0.0,0,14.8,7.8,189,1033.0,0.0,16.0,833,3.0
14.9,14.9,-0.3,35.43,0.0,0,26.3,6.3,141,1032.5,0.0,16.0,798,2.9
15.9,15.9,0.3,34.62,0.0,0,14.8,14.2,161,1031.9,0.0,16.0,678,2.4
16.0,16.0,0.8,35.72,0.0,0,27.7,11.0,130,1031.3,0.0,16.0,538,1.9
15.5,15.5,0.8,36.84,0.0,0,20.5,14.7,158,1031.1,0.0,16.0,356,1.3
14.2,14.2,0.8,39.95,0.0,0,18.4,14.8,133,1031.0,0.9,16.0,170,0.6
11.6,11.6,-0.2,44.34,0.0,0,13.0,11.6,141,1030.8,0.9,16.0,29,0.1
9.2,8.0,-0.7,50.01,0.0,0,11.2,8.1,149,1030.8,0.9,16.0,0,0.0
7.7,6.9,-1.1,53.67,0.0,0,7.6,5.9,169,1031.1,0.9,16.0,0,0.0
6.7,6.7,-0.6,59.54,0.0,0,7.6,0.8,42,1031.0,0.9,16.0,0,0.0
3.7,3.7,-1.0,71.59,0.0,0,7.6,0.2,12,1031.0,0.9,16.0,0,0.0
2.1,2.1,-1.0,80.03,0.0,0,7.6,0.2,10,1030.6,0.9,16.0,0,0.0
1.1,1.1,-1.5,83.03,0.0,0,7.6,0.0,0,1030.6,0.9,16.0,0,0.0
1.3,1.3,-1.1,84.1,0.0,0,9.4,0.0,0,1030.1,0.9,14.3,0,0.0
-0.2,-0.2,-1.9,88.27,0.0,0,9.4,0.0,0,1030.0,0.9,14.3,0,0.0
0.2,0.2,-1.5,88.18,0.0,0,9.4,0.0,0,1030.1,0.9,14.0,0,0.0
-0.5,-0.5,-2.1,89.03,0.0,0,9.4,0.1,359,1030.1,0.8,10.2,0,0.0
-0.9,-0.9,-2.1,91.41,0.0,0,9.4,0.0,0,1030.4,0.8,3.4,4,0.0
0.3,0.3,-1.5,88.14,0.0,0,9.4,0.1,354,1030.7,0.8,9.3,47,0.2
6.2,5.3,1.7,72.83,0.0,0,13.0,5.5,209,1031.1,2.9,15.8,204,0.7
10.6,10.6,-0.9,44.59,0.0,0,20.5,9.6,203,1031.0,2.9,15.9,402,1.4
13.3,13.3,-1.1,36.88,0.0,0,20.5,12.2,204,1030.5,19.9,16.0,606,2.2
15.3,15.3,-1.8,31.04,0.0,0,24.1,15.0,220,1030.6,19.9,16.0,696,2.5
16.8,16.8,-1.4,28.93,0.0,0,25.9,9.6,180,1029.8,19.9,16.0,741,2.7
17.3,17.3,-0.1,30.71,0.0,0,25.9,14.7,173,1029.0,2.9,16.0,720,2.6
17.9,17.9,-1.5,26.67,0.0,0,27.7,10.7,180,1028.5,2.9,16.0,703,2.5
18.4,18.4,-2.7,23.67,0.0,0,25.9,19.7,239,1027.6,2.9,16.0,657,2.4
18.9,18.9,-2.8,22.8,0.0,0,30.0,18.9,212,1026.8,2.9,16.0,507,1.8
18.5,18.5,-2.8,23.48,0.0,0,27.7,14.8,211,1026.3,2.9,16.0,329,1.2
17.9,17.9,-2.2,25.45,0.0,0,14.8,18.5,216,1025.9,2.9,16.0,144,0.5
15.6,15.6,-1.5,30.93,0.0,0,14.8,9.9,208,1026.1,1.6,16.0,22,0.1
13.3,13.3,-1.4,36.02,0.0,0,14.8,8.1,196,1025.9,1.6,16.0,2,0.0
9.7,9.7,-1.2,46.63,0.0,0,14.8,1.9,24,1026.4,1.6,16.0,0,0.0
6.9,6.9,-0.8,57.93,0.0,0,14.8,1.3,314,1026.4,2.9,16.0,0,0.0
